knut@knut-XPS-15-9570:~/src/pexip/doppler$ GST_DEBUG=WARN,pulse*:DEBUG,*pmx_util*:DEBUG,*papa*:DEBUG,*pmx*:DEBUG build/sip-demo/doppler-sip 
15:04:20.728893 147257 0x5b3fa3c689f0 WARNING         GST_REGISTRY gstregistry.c:2032:gst_update_registry:(NULL) registry update failed: registry disabled
15:04:20.732103 147257 0x5b3fa3c689f0 INFO            pmx_debug pmx.c:1763:pmx_init:<PmxRoot@0x5b3fa3951f20> Initialize PEX
15:04:20.732454 147257 0x5b3fa3c689f0 DEBUG        pmx_bus_debug pmxbus.c:413:pmx_bus_new:<bus1> New PmxBus(0x5b3fa3d607e0)
15:04:20.732474 147257 0x5b3fa3c689f0 DEBUG  pmx_codec_obj_debug pmxcodecobj.c:79:pmx_codec_obj_new:(NULL) Created new CodecObj(0x5b3fa3d61080) Codec(1:(null)) CodecID(1) ClockRate(0) Payload(255)
15:04:20.732481 147257 0x5b3fa3c689f0 DEBUG  pmx_codec_obj_debug pmxcodecobj.c:79:pmx_codec_obj_new:(NULL) Created new CodecObj(0x5b3fa3d612b0) Codec(2:PCMU) CodecID(2) ClockRate(8000) Payload(255)
15:04:20.732486 147257 0x5b3fa3c689f0 DEBUG  pmx_codec_obj_debug pmxcodecobj.c:79:pmx_codec_obj_new:(NULL) Created new CodecObj(0x5b3fa3d618c0) Codec(3:PCMA) CodecID(3) ClockRate(8000) Payload(255)
15:04:20.732491 147257 0x5b3fa3c689f0 DEBUG  pmx_codec_obj_debug pmxcodecobj.c:79:pmx_codec_obj_new:(NULL) Created new CodecObj(0x5b3fa3d619c0) Codec(4:G722) CodecID(4) ClockRate(8000) Payload(255)
15:04:20.732496 147257 0x5b3fa3c689f0 DEBUG  pmx_codec_obj_debug pmxcodecobj.c:79:pmx_codec_obj_new:(NULL) Created new CodecObj(0x5b3fa3d61cb0) Codec(5:G729) CodecID(5) ClockRate(8000) Payload(255)
15:04:20.732500 147257 0x5b3fa3c689f0 DEBUG  pmx_codec_obj_debug pmxcodecobj.c:79:pmx_codec_obj_new:(NULL) Created new CodecObj(0x5b3fa3d61ce0) Codec(6:AAC-LC) CodecID(6) ClockRate(90000) Payload(255)
15:04:20.732505 147257 0x5b3fa3c689f0 DEBUG  pmx_codec_obj_debug pmxcodecobj.c:79:pmx_codec_obj_new:(NULL) Created new CodecObj(0x5b3fa3d61a60) Codec(7:MP4A-LATM) CodecID(7) ClockRate(90000) Payload(255)
15:04:20.732510 147257 0x5b3fa3c689f0 DEBUG  pmx_codec_obj_debug pmxcodecobj.c:79:pmx_codec_obj_new:(NULL) Created new CodecObj(0x5b3fa3d62420) Codec(8:OPUS) CodecID(8) ClockRate(48000) Payload(255)
15:04:20.732516 147257 0x5b3fa3c689f0 DEBUG  pmx_codec_obj_debug pmxcodecobj.c:79:pmx_codec_obj_new:(NULL) Created new CodecObj(0x5b3fa3d60fb0) Codec(9:G7221) CodecID(9) ClockRate(16000) Payload(255)
15:04:20.732523 147257 0x5b3fa3c689f0 DEBUG  pmx_codec_obj_debug pmxcodecobj.c:79:pmx_codec_obj_new:(NULL) Created new CodecObj(0x5b3fa3d60fe0) Codec(10:G7221) CodecID(10) ClockRate(32000) Payload(255)
15:04:20.732530 147257 0x5b3fa3c689f0 DEBUG  pmx_codec_obj_debug pmxcodecobj.c:79:pmx_codec_obj_new:(NULL) Created new CodecObj(0x5b3fa3d62080) Codec(11:SIREN) CodecID(11) ClockRate(16000) Payload(255)
15:04:20.732535 147257 0x5b3fa3c689f0 DEBUG  pmx_codec_obj_debug pmxcodecobj.c:79:pmx_codec_obj_new:(NULL) Created new CodecObj(0x5b3fa3d61d70) Codec(12:L16) CodecID(12) ClockRate(44100) Payload(255)
15:04:20.732544 147257 0x5b3fa3c689f0 DEBUG  pmx_codec_obj_debug pmxcodecobj.c:79:pmx_codec_obj_new:(NULL) Created new CodecObj(0x5b3fa3d62010) Codec(13:TELEPHONE-EVENT) CodecID(13) ClockRate(8000) Payload(255)
15:04:20.732550 147257 0x5b3fa3c689f0 DEBUG  pmx_codec_obj_debug pmxcodecobj.c:79:pmx_codec_obj_new:(NULL) Created new CodecObj(0x5b3fa3d61c70) Codec(14:TELEPHONE-EVENT) CodecID(14) ClockRate(16000) Payload(255)
15:04:20.732556 147257 0x5b3fa3c689f0 DEBUG  pmx_codec_obj_debug pmxcodecobj.c:79:pmx_codec_obj_new:(NULL) Created new CodecObj(0x5b3fa3d625a0) Codec(15:TELEPHONE-EVENT) CodecID(15) ClockRate(32000) Payload(255)
15:04:20.732562 147257 0x5b3fa3c689f0 DEBUG  pmx_codec_obj_debug pmxcodecobj.c:79:pmx_codec_obj_new:(NULL) Created new CodecObj(0x5b3fa3d620b0) Codec(16:TELEPHONE-EVENT) CodecID(16) ClockRate(48000) Payload(255)
15:04:20.732571 147257 0x5b3fa3c689f0 DEBUG  pmx_codec_obj_debug pmxcodecobj.c:79:pmx_codec_obj_new:(NULL) Created new CodecObj(0x5b3fa3d62280) Codec(17:TELEPHONE-EVENT) CodecID(17) ClockRate(90000) Payload(255)
15:04:20.732576 147257 0x5b3fa3c689f0 DEBUG  pmx_codec_obj_debug pmxcodecobj.c:79:pmx_codec_obj_new:(NULL) Created new CodecObj(0x5b3fa3d61ba0) Codec(18:(null)) CodecID(18) ClockRate(0) Payload(255)
15:04:20.732580 147257 0x5b3fa3c689f0 DEBUG  pmx_codec_obj_debug pmxcodecobj.c:79:pmx_codec_obj_new:(NULL) Created new CodecObj(0x5b3fa3d625d0) Codec(19:H261) CodecID(19) ClockRate(90000) Payload(255)
15:04:20.732585 147257 0x5b3fa3c689f0 DEBUG  pmx_codec_obj_debug pmxcodecobj.c:79:pmx_codec_obj_new:(NULL) Created new CodecObj(0x5b3fa3d62720) Codec(20:H263) CodecID(20) ClockRate(90000) Payload(255)
15:04:20.732590 147257 0x5b3fa3c689f0 DEBUG  pmx_codec_obj_debug pmxcodecobj.c:79:pmx_codec_obj_new:(NULL) Created new CodecObj(0x5b3fa3d62c20) Codec(21:H263-1998) CodecID(21) ClockRate(90000) Payload(255)
15:04:20.732596 147257 0x5b3fa3c689f0 DEBUG  pmx_codec_obj_debug pmxcodecobj.c:79:pmx_codec_obj_new:(NULL) Created new CodecObj(0x5b3fa3d623e0) Codec(22:H264) CodecID(22) ClockRate(90000) Payload(255)
15:04:20.732602 147257 0x5b3fa3c689f0 DEBUG  pmx_codec_obj_debug pmxcodecobj.c:79:pmx_codec_obj_new:(NULL) Created new CodecObj(0x5b3fa3d62400) Codec(23:VP8) CodecID(23) ClockRate(90000) Payload(255)
15:04:20.732606 147257 0x5b3fa3c689f0 DEBUG  pmx_codec_obj_debug pmxcodecobj.c:79:pmx_codec_obj_new:(NULL) Created new CodecObj(0x5b3fa3d62260) Codec(24:VP9) CodecID(24) ClockRate(90000) Payload(255)
15:04:20.732612 147257 0x5b3fa3c689f0 DEBUG  pmx_codec_obj_debug pmxcodecobj.c:79:pmx_codec_obj_new:(NULL) Created new CodecObj(0x5b3fa3d62040) Codec(25:RED) CodecID(25) ClockRate(90000) Payload(255)
15:04:20.732616 147257 0x5b3fa3c689f0 DEBUG  pmx_codec_obj_debug pmxcodecobj.c:79:pmx_codec_obj_new:(NULL) Created new CodecObj(0x5b3fa3d62060) Codec(26:ULPFEC) CodecID(26) ClockRate(90000) Payload(255)
15:04:20.732620 147257 0x5b3fa3c689f0 DEBUG  pmx_codec_obj_debug pmxcodecobj.c:79:pmx_codec_obj_new:(NULL) Created new CodecObj(0x5b3fa3d625f0) Codec(27:PEXULPFEC) CodecID(27) ClockRate(90000) Payload(255)
15:04:20.732624 147257 0x5b3fa3c689f0 DEBUG  pmx_codec_obj_debug pmxcodecobj.c:79:pmx_codec_obj_new:(NULL) Created new CodecObj(0x5b3fa3d624e0) Codec(28:RTX) CodecID(28) ClockRate(90000) Payload(255)
15:04:20.732630 147257 0x5b3fa3c689f0 DEBUG  pmx_codec_obj_debug pmxcodecobj.c:79:pmx_codec_obj_new:(NULL) Created new CodecObj(0x5b3fa3d62820) Codec(29:H281) CodecID(29) ClockRate(4800) Payload(255)
15:04:20.732636 147257 0x5b3fa3c689f0 DEBUG        pmx_bus_debug pmxbus.c:300:_register_src:<bus1> Register Src((NULL)) MsgType(error)
15:04:20.743447 147257 0x5b3fa3c689f0 DEBUG pmx_data_exchange_debug pmxdataexchange.c:136:pmx_data_exchange_new:(NULL) New Data Exchange: 0x5b3fa3d64890
15:04:20.743461 147257 0x5b3fa3c689f0 DEBUG            pmx_debug pmx.c:1736:pmx_root_new_full:(NULL) New PmxRoot@0x5b3fa3951f20
15:04:20.743465 147257 0x5b3fa3c689f0 DEBUG    pulse_json_parser pulse_json_decoder.c:38:pulse_json_parser_global_init:(NULL) Initializing json parser global data.
15:04:20.743470 147257 0x5b3fa3c689f0 INFO           pulse_fips pulse_fips.c:49:pulse_fips_log_status:(NULL) [cid:1] FIPS mode enabled and verified.
15:04:20.743476 147257 0x5b3fa3c689f0 INFO            pmx_debug pmx.c:352:pmx_root_enable_msg_latency_reception:<PmxRoot@0x5b3fa3951f20> Configure pipeline to react on GST_MESSAGE_LATENCY
15:04:20.743480 147257 0x5b3fa3c689f0 DEBUG        pmx_bus_debug pmxbus.c:300:_register_src:<bus1> Register Src((NULL)) MsgType(latency)
15:04:20.743487 147257 0x5b3fa3c689f0 INFO            pmx_debug pmx.c:153:pmx_root_create_participant:<PmxRoot@0x5b3fa3951f20> Create ParticipantID(0)
15:04:20.743494 147257 0x5b3fa3c689f0 DEBUG pmx_participant_debug pmxparticipant.c:570:pmx_participant_new:(NULL) New PmxParticipant@0x5b3fa3d64dd0 ParticipantID(0)
15:04:20.743511 147257 0x5b3fa3c689f0 DEBUG  pmx_jitterman_debug pmxjitterman.c:196:pmx_jitter_man_new:(NULL) New JitterMan@0x5b3fa3d65500
15:04:20.743516 147257 0x5b3fa3c689f0 INFO  pmx_jitterman_debug pmxjitterman.c:273:pmx_jitter_man_set_latency:(NULL) Try to set Latency(1 ms)
15:04:20.743519 147257 0x5b3fa3c689f0 INFO  pmx_jitterman_debug pmxjitterman.c:241:pmx_jitter_man_set_new_latency:(NULL) Set new Latency(1 ms)
15:04:20.743532 147257 0x5b3fa3c689f0 DEBUG pulse_callback_control pulse_callback_control.c:29:pulse_callback_control_init:(NULL) Callback control init
15:04:20.743665 147257 0x5b3fa3d65a90 DEBUG        pulse_reactor pulse_reactor.c:63:_pulse_reactor_thread:(NULL) [cid:1 rid:1] asyncreactor-1 reactor starting
15:04:20.744626 147257 0x5b3fa3c689f0 INFO  pulse_async_reactor pulse_async_reactor.c:127:pulse_async_reactor_init:(NULL) [cid:1 rid:1] Starting async reactor 'asyncreactor-1'
15:04:20.744876 147257 0x5b3fa3d63ce0 DEBUG        pulse_reactor pulse_reactor.c:63:_pulse_reactor_thread:(NULL) [cid:1 rid:2] schedreactor-1 reactor starting
15:04:20.745754 147257 0x5b3fa3c689f0 INFO   pulse_sched_rector pulse_sched_reactor.c:33:pulse_sched_reactor_init:(NULL) [cid:1 rid:2] Starting sched reactor 'schedreactor-1'
15:04:20.745934 147257 0x5b3fa3d66120 DEBUG        pulse_reactor pulse_reactor.c:63:_pulse_reactor_thread:(NULL) [cid:1 rid:3] pmxcbreactor-1 reactor starting
15:04:20.746860 147257 0x5b3fa3c689f0 INFO pulse_pmx_cb_reactor pulse_pmx_cb_reactor.c:16:pulse_pmx_cb_reactor_init:(NULL) [cid:1 rid:3] Starting pmx-cb reactor 'pmxcbreactor-1'
15:04:20.746880 147257 0x5b3fa3c689f0 INFO pmx_participant_debug pmxparticipant.c:290:pmx_participant_create_device_session:(NULL) ParticipantID(0) Create video SessionID(0)
15:04:20.746889 147257 0x5b3fa3c689f0 DEBUG            pmx_debug pmxbasesession.c:126:pmx_base_session_init:<PmxDeviceSession@0x5b3fa3d66680> Init BaseSession Pipeline(0x5b3fa3d56d10) ParticipantID(0) SessionID(0)
15:04:20.746894 147257 0x5b3fa3c689f0 INFO pmx_device_session_debug pmxdevicesession.c:814:pmx_device_session_new:<PmxDeviceSession@0x5b3fa3d66680> New SessionID(0) ParticipantID(0)
15:04:20.746940 147257 0x5b3fa3c689f0 DEBUG pmx_device_monitor_debug pmxdevicemonitor.c:291:_pmx_device_monitor_create:(NULL) Initialized GstDeviceMonitor: 0x5b3fa3d66e90
15:04:20.753555 147257 0x5b3fa3c689f0 DEBUG                pulse pulsedeviceprovider.c:568:gst_pulse_device_provider_start:<pulsedeviceprovider0> connect to server (NULL)
15:04:20.756347 147257 0x5b3fa3c689f0 DEBUG                pulse pulsedeviceprovider.c:593:gst_pulse_device_provider_start:<pulsedeviceprovider0> connected
15:04:20.756782 147257 0x7fc8d0008370 DEBUG                pulse pulsedeviceprovider.c:298:get_server_info_cb:<pulsedeviceprovider0> Default sink name: alsa_output.pci-0000_00_1f.3-platform-skl_hda_dsp_generic.HiFi__hw_sofhdadsp__sink
15:04:20.879423 147257 0x5b3fa3c689f0 WARNING                 alsa conf.c:5569:parse_args:(NULL) alsalib error: Parameter DEV must be an integer
15:04:20.879449 147257 0x5b3fa3c689f0 WARNING                 alsa conf.c:5711:snd_config_expand:(NULL) alsalib error: Parse arguments error: Invalid argument
15:04:20.879454 147257 0x5b3fa3c689f0 WARNING                 alsa pcm.c:2721:snd_pcm_open_noupdate:(NULL) alsalib error: Unknown PCM hw:0,3:{AES0 0x02 AES1 0x82 AES2 0x00 AES3 0x02}
15:04:20.879580 147257 0x5b3fa3c689f0 WARNING                 alsa conf.c:5569:parse_args:(NULL) alsalib error: Parameter DEV must be an integer
15:04:20.879588 147257 0x5b3fa3c689f0 WARNING                 alsa conf.c:5711:snd_config_expand:(NULL) alsalib error: Parse arguments error: Invalid argument
15:04:20.879596 147257 0x5b3fa3c689f0 WARNING                 alsa pcm.c:2721:snd_pcm_open_noupdate:(NULL) alsalib error: Unknown PCM hw:0,7:{AES0 0x02 AES1 0x82 AES2 0x00 AES3 0x02}
15:04:20.879654 147257 0x5b3fa3c689f0 WARNING                 alsa conf.c:5569:parse_args:(NULL) alsalib error: Parameter DEV must be an integer
15:04:20.879659 147257 0x5b3fa3c689f0 WARNING                 alsa conf.c:5711:snd_config_expand:(NULL) alsalib error: Parse arguments error: Invalid argument
15:04:20.879664 147257 0x5b3fa3c689f0 WARNING                 alsa pcm.c:2721:snd_pcm_open_noupdate:(NULL) alsalib error: Unknown PCM hw:0,8:{AES0 0x02 AES1 0x82 AES2 0x00 AES3 0x02}
15:04:20.879714 147257 0x5b3fa3c689f0 WARNING                 alsa conf.c:5569:parse_args:(NULL) alsalib error: Parameter DEV must be an integer
15:04:20.879718 147257 0x5b3fa3c689f0 WARNING                 alsa conf.c:5711:snd_config_expand:(NULL) alsalib error: Parse arguments error: Invalid argument
15:04:20.879722 147257 0x5b3fa3c689f0 WARNING                 alsa pcm.c:2721:snd_pcm_open_noupdate:(NULL) alsalib error: Unknown PCM hw:0,9:{AES0 0x02 AES1 0x82 AES2 0x00 AES3 0x02}
15:04:20.879803 147257 0x5b3fa3c689f0 WARNING                 alsa conf.c:5569:parse_args:(NULL) alsalib error: Parameter DEV must be an integer
15:04:20.879807 147257 0x5b3fa3c689f0 WARNING                 alsa conf.c:5711:snd_config_expand:(NULL) alsalib error: Parse arguments error: Invalid argument
15:04:20.879813 147257 0x5b3fa3c689f0 WARNING                 alsa pcm.c:2721:snd_pcm_open_noupdate:(NULL) alsalib error: Unknown PCM hw:2,0:{AES0 0x02 AES1 0x82 AES2 0x00 AES3 0x02}
15:04:20.879907 147257 0x5b3fa3c689f0 WARNING                 alsa conf.c:5569:parse_args:(NULL) alsalib error: Parameter DEV must be an integer
15:04:20.879911 147257 0x5b3fa3c689f0 WARNING                 alsa conf.c:5711:snd_config_expand:(NULL) alsalib error: Parse arguments error: Invalid argument
15:04:20.879915 147257 0x5b3fa3c689f0 WARNING                 alsa pcm.c:2721:snd_pcm_open_noupdate:(NULL) alsalib error: Unknown PCM hw:3,0:{AES0 0x02 AES1 0x82 AES2 0x00 AES3 0x02}
15:04:20.893454 147257 0x5b3fa3c689f0 WARNING                 alsa conf.c:5569:parse_args:(NULL) alsalib error: Parameter DEV must be an integer
15:04:20.893462 147257 0x5b3fa3c689f0 WARNING                 alsa conf.c:5711:snd_config_expand:(NULL) alsalib error: Parse arguments error: Invalid argument
15:04:20.893466 147257 0x5b3fa3c689f0 WARNING                 alsa pcm.c:2721:snd_pcm_open_noupdate:(NULL) alsalib error: Unknown PCM hw:3,3:{AES0 0x02 AES1 0x82 AES2 0x00 AES3 0x02}
15:04:20.893543 147257 0x5b3fa3c689f0 WARNING                 alsa conf.c:5569:parse_args:(NULL) alsalib error: Parameter DEV must be an integer
15:04:20.893548 147257 0x5b3fa3c689f0 WARNING                 alsa conf.c:5711:snd_config_expand:(NULL) alsalib error: Parse arguments error: Invalid argument
15:04:20.893551 147257 0x5b3fa3c689f0 WARNING                 alsa pcm.c:2721:snd_pcm_open_noupdate:(NULL) alsalib error: Unknown PCM hw:3,4:{AES0 0x02 AES1 0x82 AES2 0x00 AES3 0x02}
15:04:20.893611 147257 0x5b3fa3c689f0 WARNING                 alsa conf.c:5569:parse_args:(NULL) alsalib error: Parameter DEV must be an integer
15:04:20.893617 147257 0x5b3fa3c689f0 WARNING                 alsa conf.c:5711:snd_config_expand:(NULL) alsalib error: Parse arguments error: Invalid argument
15:04:20.893621 147257 0x5b3fa3c689f0 WARNING                 alsa pcm.c:2721:snd_pcm_open_noupdate:(NULL) alsalib error: Unknown PCM hw:3,5:{AES0 0x02 AES1 0x82 AES2 0x00 AES3 0x02}
15:04:20.893684 147257 0x5b3fa3c689f0 WARNING                 alsa conf.c:5569:parse_args:(NULL) alsalib error: Parameter DEV must be an integer
15:04:20.893688 147257 0x5b3fa3c689f0 WARNING                 alsa conf.c:5711:snd_config_expand:(NULL) alsalib error: Parse arguments error: Invalid argument
15:04:20.893692 147257 0x5b3fa3c689f0 WARNING                 alsa pcm.c:2721:snd_pcm_open_noupdate:(NULL) alsalib error: Unknown PCM hw:3,31:{AES0 0x02 AES1 0x82 AES2 0x00 AES3 0x02}
15:04:20.893822 147257 0x5b3fa3c689f0 INFO pmx_device_monitor_debug pmxdevicemonitor.c:326:pmx_device_monitor_register:(NULL) GstDeviceMonitor started
15:04:20.893835 147257 0x5b3fa3c689f0 INFO     pmx_device_debug pmxdevicectx.c:518:pmx_device_ctx_new:<PmxDeviceCtx@0x5b3fa3d66a90> New PmxDeviceCtx (0x5b3fa3d66a90)
15:04:20.893841 147257 0x5b3fa3c689f0 INFO pmx_device_session_debug pmxdevicesession.c:504:pmx_device_session_set_video_device_list_changed_callback:<PmxDeviceSession@0x5b3fa3d66680> SessionID(0) Setting VideoDeviceListChange Callback (0x7fc91f791080) with user data (0x5b3fa3d667a0)
15:04:20.893848 147257 0x5b3fa3c689f0 INFO pmx_participant_debug pmxparticipant.c:290:pmx_participant_create_device_session:(NULL) ParticipantID(0) Create audio SessionID(1)
15:04:20.893854 147257 0x5b3fa3c689f0 DEBUG            pmx_debug pmxbasesession.c:126:pmx_base_session_init:<PmxDeviceSession@0x5b3fa3d99fa0> Init BaseSession Pipeline(0x5b3fa3d56d10) ParticipantID(0) SessionID(1)
15:04:20.893858 147257 0x5b3fa3c689f0 INFO pmx_device_session_debug pmxdevicesession.c:814:pmx_device_session_new:<PmxDeviceSession@0x5b3fa3d99fa0> New SessionID(1) ParticipantID(0)
15:04:20.893869 147257 0x5b3fa3c689f0 INFO pmx_participant_debug pmxparticipant.c:290:pmx_participant_create_device_session:(NULL) ParticipantID(0) Create video SessionID(2)
15:04:20.893873 147257 0x5b3fa3c689f0 DEBUG            pmx_debug pmxbasesession.c:126:pmx_base_session_init:<PmxDeviceSession@0x5b3fa3d99860> Init BaseSession Pipeline(0x5b3fa3d56d10) ParticipantID(0) SessionID(2)
15:04:20.893877 147257 0x5b3fa3c689f0 INFO pmx_device_session_debug pmxdevicesession.c:814:pmx_device_session_new:<PmxDeviceSession@0x5b3fa3d99860> New SessionID(2) ParticipantID(0)
15:04:20.893882 147257 0x5b3fa3c689f0 INFO pmx_participant_debug pmxparticipant.c:290:pmx_participant_create_device_session:(NULL) ParticipantID(0) Create video SessionID(3)
15:04:20.893886 147257 0x5b3fa3c689f0 DEBUG            pmx_debug pmxbasesession.c:126:pmx_base_session_init:<PmxDeviceSession@0x5b3fa3d8de10> Init BaseSession Pipeline(0x5b3fa3d56d10) ParticipantID(0) SessionID(3)
15:04:20.893891 147257 0x5b3fa3c689f0 INFO pmx_device_session_debug pmxdevicesession.c:814:pmx_device_session_new:<PmxDeviceSession@0x5b3fa3d8de10> New SessionID(3) ParticipantID(0)
15:04:20.893895 147257 0x5b3fa3c689f0 INFO pmx_participant_debug pmxparticipant.c:290:pmx_participant_create_device_session:(NULL) ParticipantID(0) Create audio SessionID(4)
15:04:20.893899 147257 0x5b3fa3c689f0 DEBUG            pmx_debug pmxbasesession.c:126:pmx_base_session_init:<PmxDeviceSession@0x5b3fa3d6bc80> Init BaseSession Pipeline(0x5b3fa3d56d10) ParticipantID(0) SessionID(4)
15:04:20.893904 147257 0x5b3fa3c689f0 INFO pmx_device_session_debug pmxdevicesession.c:814:pmx_device_session_new:<PmxDeviceSession@0x5b3fa3d6bc80> New SessionID(4) ParticipantID(0)
15:04:20.893908 147257 0x5b3fa3c689f0 INFO pmx_participant_debug pmxparticipant.c:290:pmx_participant_create_device_session:(NULL) ParticipantID(0) Create video SessionID(5)
15:04:20.893913 147257 0x5b3fa3c689f0 DEBUG            pmx_debug pmxbasesession.c:126:pmx_base_session_init:<PmxDeviceSession@0x5b3fa3d9a280> Init BaseSession Pipeline(0x5b3fa3d56d10) ParticipantID(0) SessionID(5)
15:04:20.893917 147257 0x5b3fa3c689f0 INFO pmx_device_session_debug pmxdevicesession.c:814:pmx_device_session_new:<PmxDeviceSession@0x5b3fa3d9a280> New SessionID(5) ParticipantID(0)
15:04:20.893921 147257 0x5b3fa3c689f0 INFO pmx_participant_debug pmxparticipant.c:290:pmx_participant_create_device_session:(NULL) ParticipantID(0) Create video SessionID(6)
15:04:20.893926 147257 0x5b3fa3c689f0 DEBUG            pmx_debug pmxbasesession.c:126:pmx_base_session_init:<PmxDeviceSession@0x5b3fa3d9a340> Init BaseSession Pipeline(0x5b3fa3d56d10) ParticipantID(0) SessionID(6)
15:04:20.893931 147257 0x5b3fa3c689f0 INFO pmx_device_session_debug pmxdevicesession.c:814:pmx_device_session_new:<PmxDeviceSession@0x5b3fa3d9a340> New SessionID(6) ParticipantID(0)
15:04:20.893937 147257 0x5b3fa3c689f0 INFO pmx_participant_debug pmxparticipant.c:290:pmx_participant_create_device_session:(NULL) ParticipantID(0) Create audio SessionID(7)
15:04:20.893941 147257 0x5b3fa3c689f0 DEBUG            pmx_debug pmxbasesession.c:126:pmx_base_session_init:<PmxDeviceSession@0x5b3fa3d9aa10> Init BaseSession Pipeline(0x5b3fa3d56d10) ParticipantID(0) SessionID(7)
15:04:20.893945 147257 0x5b3fa3c689f0 INFO pmx_device_session_debug pmxdevicesession.c:814:pmx_device_session_new:<PmxDeviceSession@0x5b3fa3d9aa10> New SessionID(7) ParticipantID(0)
15:04:20.893950 147257 0x5b3fa3c689f0 INFO pmx_participant_debug pmxparticipant.c:290:pmx_participant_create_device_session:(NULL) ParticipantID(0) Create video SessionID(8)
15:04:20.893956 147257 0x5b3fa3c689f0 DEBUG            pmx_debug pmxbasesession.c:126:pmx_base_session_init:<PmxDeviceSession@0x5b3fa3d9abd0> Init BaseSession Pipeline(0x5b3fa3d56d10) ParticipantID(0) SessionID(8)
15:04:20.893960 147257 0x5b3fa3c689f0 INFO pmx_device_session_debug pmxdevicesession.c:814:pmx_device_session_new:<PmxDeviceSession@0x5b3fa3d9abd0> New SessionID(8) ParticipantID(0)
15:04:20.893965 147257 0x5b3fa3c689f0 INFO pmx_participant_debug pmxparticipant.c:290:pmx_participant_create_device_session:(NULL) ParticipantID(0) Create video SessionID(9)
15:04:20.893972 147257 0x5b3fa3c689f0 DEBUG            pmx_debug pmxbasesession.c:126:pmx_base_session_init:<PmxDeviceSession@0x5b3fa3d9b1a0> Init BaseSession Pipeline(0x5b3fa3d56d10) ParticipantID(0) SessionID(9)
15:04:20.893979 147257 0x5b3fa3c689f0 INFO pmx_device_session_debug pmxdevicesession.c:814:pmx_device_session_new:<PmxDeviceSession@0x5b3fa3d9b1a0> New SessionID(9) ParticipantID(0)
15:04:20.893984 147257 0x5b3fa3c689f0 INFO pmx_participant_debug pmxparticipant.c:290:pmx_participant_create_device_session:(NULL) ParticipantID(0) Create audio SessionID(10)
15:04:20.893983 147257 0x5b3fa3d56f40 INFO pmx_device_monitor_debug pmxdevicemonitor.c:202:pmx_device_monitor_on_device_list_changed_unlocked:<PmxDeviceMonitor@0x5b3fa3d66840> Device list changed - message device-added - device <v4l2device0>
15:04:20.893990 147257 0x5b3fa3c689f0 DEBUG            pmx_debug pmxbasesession.c:126:pmx_base_session_init:<PmxDeviceSession@0x5b3fa3d9b360> Init BaseSession Pipeline(0x5b3fa3d56d10) ParticipantID(0) SessionID(10)
15:04:20.894011 147257 0x5b3fa3c689f0 INFO pmx_device_session_debug pmxdevicesession.c:814:pmx_device_session_new:<PmxDeviceSession@0x5b3fa3d9b360> New SessionID(10) ParticipantID(0)
15:04:20.894016 147257 0x5b3fa3c689f0 INFO pmx_participant_debug pmxparticipant.c:290:pmx_participant_create_device_session:(NULL) ParticipantID(0) Create video SessionID(11)
15:04:20.894020 147257 0x5b3fa3c689f0 DEBUG            pmx_debug pmxbasesession.c:126:pmx_base_session_init:<PmxDeviceSession@0x5b3fa3d9b520> Init BaseSession Pipeline(0x5b3fa3d56d10) ParticipantID(0) SessionID(11)
15:04:20.894024 147257 0x5b3fa3c689f0 INFO pmx_device_session_debug pmxdevicesession.c:814:pmx_device_session_new:<PmxDeviceSession@0x5b3fa3d9b520> New SessionID(11) ParticipantID(0)
15:04:20.894029 147257 0x5b3fa3c689f0 INFO pmx_participant_debug pmxparticipant.c:290:pmx_participant_create_device_session:(NULL) ParticipantID(0) Create video SessionID(12)
15:04:20.894033 147257 0x5b3fa3c689f0 DEBUG            pmx_debug pmxbasesession.c:126:pmx_base_session_init:<PmxDeviceSession@0x5b3fa3d9b5e0> Init BaseSession Pipeline(0x5b3fa3d56d10) ParticipantID(0) SessionID(12)
15:04:20.894037 147257 0x5b3fa3c689f0 INFO pmx_device_session_debug pmxdevicesession.c:814:pmx_device_session_new:<PmxDeviceSession@0x5b3fa3d9b5e0> New SessionID(12) ParticipantID(0)
15:04:20.894037 147257 0x5b3fa3d56f40 DEBUG     pmx_device_debug pmxdevicectx.c:127:pmx_device_ctx_is_device_system_default:(NULL) GOT PROPS! v4l2deviceprovider, udev-probed=(boolean)true, device.bus_path=(string)pci-0000:00:14.0-usb-0:8:1.0, sysfs.path=(string)/sys/devices/pci0000:00/0000:00:14.0/usb1/1-8/1-8:1.0/video4linux/video3, device.bus=(string)usb, device.subsystem=(string)video4linux, device.vendor.id=(string)04f2, device.vendor.name=(string)"Chicony\\x20Electronics\\x20Co.\\x2cLtd.", device.product.id=(string)b74f, device.product.name=(string)"Integrated\ Camera:\ Integrated\ C", device.serial=(string)Chicony_Electronics_Co._Ltd._Integrated_Camera_0001, device.capabilities=(string):capture:, device.api=(string)v4l2, device.path=(string)/dev/video3, v4l2.device.driver=(string)uvcvideo, v4l2.device.card=(string)"Integrated\ Camera:\ Integrated\ C", v4l2.device.bus_info=(string)usb-0000:00:14.0-8, v4l2.device.version=(uint)395276, v4l2.device.capabilities=(uint)2225078273, v4l2.device.device_caps=(uint)69206017;
15:04:20.894042 147257 0x5b3fa3c689f0 INFO pmx_participant_debug pmxparticipant.c:290:pmx_participant_create_device_session:(NULL) ParticipantID(0) Create audio SessionID(13)
15:04:20.894058 147257 0x5b3fa3c689f0 DEBUG            pmx_debug pmxbasesession.c:126:pmx_base_session_init:<PmxDeviceSession@0x5b3fa3d9b7a0> Init BaseSession Pipeline(0x5b3fa3d56d10) ParticipantID(0) SessionID(13)
15:04:20.894064 147257 0x5b3fa3c689f0 INFO pmx_device_session_debug pmxdevicesession.c:814:pmx_device_session_new:<PmxDeviceSession@0x5b3fa3d9b7a0> New SessionID(13) ParticipantID(0)
15:04:20.894068 147257 0x5b3fa3c689f0 INFO pmx_participant_debug pmxparticipant.c:290:pmx_participant_create_device_session:(NULL) ParticipantID(0) Create video SessionID(14)
15:04:20.894073 147257 0x5b3fa3d56f40 DEBUG pmx_device_monitor_debug pmxdevicemonitor.c:241:pmx_device_monitor_on_device_list_changed_unlocked:<PmxDeviceMonitor@0x5b3fa3d66840> Video Device list changed
15:04:20.894076 147257 0x5b3fa3c689f0 DEBUG            pmx_debug pmxbasesession.c:126:pmx_base_session_init:<PmxDeviceSession@0x5b3fa3d9b860> Init BaseSession Pipeline(0x5b3fa3d56d10) ParticipantID(0) SessionID(14)
15:04:20.894081 147257 0x5b3fa3c689f0 INFO pmx_device_session_debug pmxdevicesession.c:814:pmx_device_session_new:<PmxDeviceSession@0x5b3fa3d9b860> New SessionID(14) ParticipantID(0)
15:04:20.894089 147257 0x5b3fa3c689f0 INFO pmx_participant_debug pmxparticipant.c:290:pmx_participant_create_device_session:(NULL) ParticipantID(0) Create video SessionID(15)
15:04:20.894090 147257 0x5b3fa3d56f40 INFO pmx_device_monitor_debug pmxdevicemonitor.c:202:pmx_device_monitor_on_device_list_changed_unlocked:<PmxDeviceMonitor@0x5b3fa3d66840> Device list changed - message device-added - device <v4l2device1>
15:04:20.894095 147257 0x5b3fa3c689f0 DEBUG            pmx_debug pmxbasesession.c:126:pmx_base_session_init:<PmxDeviceSession@0x5b3fa3d9bbc0> Init BaseSession Pipeline(0x5b3fa3d56d10) ParticipantID(0) SessionID(15)
15:04:20.894103 147257 0x5b3fa3c689f0 INFO pmx_device_session_debug pmxdevicesession.c:814:pmx_device_session_new:<PmxDeviceSession@0x5b3fa3d9bbc0> New SessionID(15) ParticipantID(0)
15:04:20.894107 147257 0x5b3fa3d56f40 DEBUG     pmx_device_debug pmxdevicectx.c:127:pmx_device_ctx_is_device_system_default:(NULL) GOT PROPS! v4l2deviceprovider, udev-probed=(boolean)true, device.bus_path=(string)pci-0000:00:14.0-usb-0:8:1.2, sysfs.path=(string)/sys/devices/pci0000:00/0000:00:14.0/usb1/1-8/1-8:1.2/video4linux/video5, device.bus=(string)usb, device.subsystem=(string)video4linux, device.vendor.id=(string)04f2, device.vendor.name=(string)"Chicony\\x20Electronics\\x20Co.\\x2cLtd.", device.product.id=(string)b74f, device.product.name=(string)"Integrated\ Camera:\ Integrated\ I", device.serial=(string)Chicony_Electronics_Co._Ltd._Integrated_Camera_0001, device.capabilities=(string):capture:, device.api=(string)v4l2, device.path=(string)/dev/video5, v4l2.device.driver=(string)uvcvideo, v4l2.device.card=(string)"Integrated\ Camera:\ Integrated\ I", v4l2.device.bus_info=(string)usb-0000:00:14.0-8, v4l2.device.version=(uint)395276, v4l2.device.capabilities=(uint)2225078273, v4l2.device.device_caps=(uint)69206017;
15:04:20.894108 147257 0x5b3fa3c689f0 INFO pmx_participant_debug pmxparticipant.c:290:pmx_participant_create_device_session:(NULL) ParticipantID(0) Create audio SessionID(16)
15:04:20.894123 147257 0x5b3fa3c689f0 DEBUG            pmx_debug pmxbasesession.c:126:pmx_base_session_init:<PmxDeviceSession@0x5b3fa3d9bc80> Init BaseSession Pipeline(0x5b3fa3d56d10) ParticipantID(0) SessionID(16)
15:04:20.894124 147257 0x5b3fa3d56f40 DEBUG pmx_device_monitor_debug pmxdevicemonitor.c:241:pmx_device_monitor_on_device_list_changed_unlocked:<PmxDeviceMonitor@0x5b3fa3d66840> Video Device list changed
15:04:20.894129 147257 0x5b3fa3c689f0 INFO pmx_device_session_debug pmxdevicesession.c:814:pmx_device_session_new:<PmxDeviceSession@0x5b3fa3d9bc80> New SessionID(16) ParticipantID(0)
15:04:20.894137 147257 0x5b3fa3d56f40 INFO pmx_device_monitor_debug pmxdevicemonitor.c:202:pmx_device_monitor_on_device_list_changed_unlocked:<PmxDeviceMonitor@0x5b3fa3d66840> Device list changed - message device-added - device <v4l2device2>
15:04:20.894138 147257 0x5b3fa3c689f0 INFO pmx_participant_debug pmxparticipant.c:290:pmx_participant_create_device_session:(NULL) ParticipantID(0) Create video SessionID(17)
15:04:20.894146 147257 0x5b3fa3c689f0 DEBUG            pmx_debug pmxbasesession.c:126:pmx_base_session_init:<PmxDeviceSession@0x5b3fa3d9be40> Init BaseSession Pipeline(0x5b3fa3d56d10) ParticipantID(0) SessionID(17)
15:04:20.894150 147257 0x5b3fa3d56f40 DEBUG     pmx_device_debug pmxdevicectx.c:127:pmx_device_ctx_is_device_system_default:(NULL) GOT PROPS! v4l2deviceprovider, udev-probed=(boolean)true, device.bus_path=(string)pci-0000:25:00.0-usb-0:2.3:1.0, sysfs.path=(string)/sys/devices/pci0000:00/0000:00:1d.0/0000:20:00.0/0000:21:01.0/0000:23:00.0/0000:24:02.0/0000:25:00.0/usb4/4-2/4-2.3/4-2.3:1.0/video4linux/video7, device.bus=(string)usb, device.subsystem=(string)video4linux, device.vendor.id=(string)046d, device.vendor.name=(string)046d, device.product.id=(string)085e, device.product.name=(string)"Logitech\ BRIO", device.serial=(string)046d_Logitech_BRIO_80D43CFB, device.capabilities=(string):capture:, device.api=(string)v4l2, device.path=(string)/dev/video7, v4l2.device.driver=(string)uvcvideo, v4l2.device.card=(string)"Logitech\ BRIO", v4l2.device.bus_info=(string)usb-0000:25:00.0-2.3, v4l2.device.version=(uint)395276, v4l2.device.capabilities=(uint)2225078273, v4l2.device.device_caps=(uint)69206017;
15:04:20.894150 147257 0x5b3fa3c689f0 INFO pmx_device_session_debug pmxdevicesession.c:814:pmx_device_session_new:<PmxDeviceSession@0x5b3fa3d9be40> New SessionID(17) ParticipantID(0)
15:04:20.894165 147257 0x5b3fa3c689f0 INFO pmx_participant_debug pmxparticipant.c:290:pmx_participant_create_device_session:(NULL) ParticipantID(0) Create video SessionID(18)
15:04:20.894165 147257 0x5b3fa3d56f40 DEBUG pmx_device_monitor_debug pmxdevicemonitor.c:241:pmx_device_monitor_on_device_list_changed_unlocked:<PmxDeviceMonitor@0x5b3fa3d66840> Video Device list changed
15:04:20.894170 147257 0x5b3fa3c689f0 DEBUG            pmx_debug pmxbasesession.c:126:pmx_base_session_init:<PmxDeviceSession@0x5b3fa3d9bf00> Init BaseSession Pipeline(0x5b3fa3d56d10) ParticipantID(0) SessionID(18)
15:04:20.894176 147257 0x5b3fa3d56f40 INFO pmx_device_monitor_debug pmxdevicemonitor.c:202:pmx_device_monitor_on_device_list_changed_unlocked:<PmxDeviceMonitor@0x5b3fa3d66840> Device list changed - message device-added - device <v4l2device3>
15:04:20.894178 147257 0x5b3fa3c689f0 INFO pmx_device_session_debug pmxdevicesession.c:814:pmx_device_session_new:<PmxDeviceSession@0x5b3fa3d9bf00> New SessionID(18) ParticipantID(0)
15:04:20.894186 147257 0x5b3fa3c689f0 INFO pmx_participant_debug pmxparticipant.c:290:pmx_participant_create_device_session:(NULL) ParticipantID(0) Create audio SessionID(19)
15:04:20.894190 147257 0x5b3fa3c689f0 DEBUG            pmx_debug pmxbasesession.c:126:pmx_base_session_init:<PmxDeviceSession@0x5b3fa3d9c0c0> Init BaseSession Pipeline(0x5b3fa3d56d10) ParticipantID(0) SessionID(19)
15:04:20.894190 147257 0x5b3fa3d56f40 DEBUG     pmx_device_debug pmxdevicectx.c:127:pmx_device_ctx_is_device_system_default:(NULL) GOT PROPS! v4l2deviceprovider, udev-probed=(boolean)true, device.bus_path=(string)pci-0000:25:00.0-usb-0:2.3:1.0, sysfs.path=(string)/sys/devices/pci0000:00/0000:00:1d.0/0000:20:00.0/0000:21:01.0/0000:23:00.0/0000:24:02.0/0000:25:00.0/usb4/4-2/4-2.3/4-2.3:1.0/video4linux/video9, device.bus=(string)usb, device.subsystem=(string)video4linux, device.vendor.id=(string)046d, device.vendor.name=(string)046d, device.product.id=(string)085e, device.product.name=(string)"Logitech\ BRIO", device.serial=(string)046d_Logitech_BRIO_80D43CFB, device.capabilities=(string):capture:, device.api=(string)v4l2, device.path=(string)/dev/video9, v4l2.device.driver=(string)uvcvideo, v4l2.device.card=(string)"Logitech\ BRIO", v4l2.device.bus_info=(string)usb-0000:25:00.0-2.3, v4l2.device.version=(uint)395276, v4l2.device.capabilities=(uint)2225078273, v4l2.device.device_caps=(uint)69206017;
15:04:20.894195 147257 0x5b3fa3c689f0 INFO pmx_device_session_debug pmxdevicesession.c:814:pmx_device_session_new:<PmxDeviceSession@0x5b3fa3d9c0c0> New SessionID(19) ParticipantID(0)
15:04:20.894210 147257 0x5b3fa3d56f40 DEBUG pmx_device_monitor_debug pmxdevicemonitor.c:241:pmx_device_monitor_on_device_list_changed_unlocked:<PmxDeviceMonitor@0x5b3fa3d66840> Video Device list changed
15:04:20.894210 147257 0x5b3fa3c689f0 INFO pmx_participant_debug pmxparticipant.c:290:pmx_participant_create_device_session:(NULL) ParticipantID(0) Create video SessionID(20)
15:04:20.894217 147257 0x5b3fa3d56f40 INFO pmx_device_monitor_debug pmxdevicemonitor.c:202:pmx_device_monitor_on_device_list_changed_unlocked:<PmxDeviceMonitor@0x5b3fa3d66840> Device list changed - message device-added - device <v4l2device4>
15:04:20.894218 147257 0x5b3fa3c689f0 DEBUG            pmx_debug pmxbasesession.c:126:pmx_base_session_init:<PmxDeviceSession@0x5b3fa3d9c1e0> Init BaseSession Pipeline(0x5b3fa3d56d10) ParticipantID(0) SessionID(20)
15:04:20.894225 147257 0x5b3fa3c689f0 INFO pmx_device_session_debug pmxdevicesession.c:814:pmx_device_session_new:<PmxDeviceSession@0x5b3fa3d9c1e0> New SessionID(20) ParticipantID(0)
15:04:20.894229 147257 0x5b3fa3d56f40 DEBUG     pmx_device_debug pmxdevicectx.c:127:pmx_device_ctx_is_device_system_default:(NULL) GOT PROPS! v4l2deviceprovider, udev-probed=(boolean)true, device.bus_path=(string)pci-0000:25:00.0-usb-0:2.4:1.0, sysfs.path=(string)/sys/devices/pci0000:00/0000:00:1d.0/0000:20:00.0/0000:21:01.0/0000:23:00.0/0000:24:02.0/0000:25:00.0/usb4/4-2/4-2.4/4-2.4:1.0/video4linux/video11, device.bus=(string)usb, device.subsystem=(string)video4linux, device.vendor.id=(string)2bd9, device.vendor.name=(string)Huddly, device.product.id=(string)0011, device.product.name=(string)"Huddly\ GO:\ Huddly\ GO", device.serial=(string)Huddly_Huddly_GO_43L00919, device.capabilities=(string):capture:, device.api=(string)v4l2, device.path=(string)/dev/video11, v4l2.device.driver=(string)uvcvideo, v4l2.device.card=(string)"Huddly\ GO:\ Huddly\ GO", v4l2.device.bus_info=(string)usb-0000:25:00.0-2.4, v4l2.device.version=(uint)395276, v4l2.device.capabilities=(uint)2225078273, v4l2.device.device_caps=(uint)69206017;
15:04:20.894230 147257 0x5b3fa3c689f0 INFO pmx_participant_debug pmxparticipant.c:290:pmx_participant_create_device_session:(NULL) ParticipantID(0) Create video SessionID(21)
15:04:20.894244 147257 0x5b3fa3c689f0 DEBUG            pmx_debug pmxbasesession.c:126:pmx_base_session_init:<PmxDeviceSession@0x5b3fa3d9c370> Init BaseSession Pipeline(0x5b3fa3d56d10) ParticipantID(0) SessionID(21)
15:04:20.894244 147257 0x5b3fa3d56f40 DEBUG pmx_device_monitor_debug pmxdevicemonitor.c:241:pmx_device_monitor_on_device_list_changed_unlocked:<PmxDeviceMonitor@0x5b3fa3d66840> Video Device list changed
15:04:20.894249 147257 0x5b3fa3c689f0 INFO pmx_device_session_debug pmxdevicesession.c:814:pmx_device_session_new:<PmxDeviceSession@0x5b3fa3d9c370> New SessionID(21) ParticipantID(0)
15:04:20.894255 147257 0x5b3fa3d56f40 INFO pmx_device_monitor_debug pmxdevicemonitor.c:202:pmx_device_monitor_on_device_list_changed_unlocked:<PmxDeviceMonitor@0x5b3fa3d66840> Device list changed - message device-added - device <pulsedevice0>
15:04:20.894257 147257 0x5b3fa3c689f0 INFO pmx_participant_debug pmxparticipant.c:290:pmx_participant_create_device_session:(NULL) ParticipantID(0) Create audio SessionID(22)
15:04:20.894264 147257 0x5b3fa3c689f0 DEBUG            pmx_debug pmxbasesession.c:126:pmx_base_session_init:<PmxDeviceSession@0x5b3fa3d9c500> Init BaseSession Pipeline(0x5b3fa3d56d10) ParticipantID(0) SessionID(22)
15:04:20.894268 147257 0x5b3fa3c689f0 INFO pmx_device_session_debug pmxdevicesession.c:814:pmx_device_session_new:<PmxDeviceSession@0x5b3fa3d9c500> New SessionID(22) ParticipantID(0)
15:04:20.894273 147257 0x5b3fa3c689f0 INFO pmx_participant_debug pmxparticipant.c:290:pmx_participant_create_device_session:(NULL) ParticipantID(0) Create video SessionID(23)
15:04:20.894277 147257 0x5b3fa3c689f0 DEBUG            pmx_debug pmxbasesession.c:126:pmx_base_session_init:<PmxDeviceSession@0x5b3fa3d9c720> Init BaseSession Pipeline(0x5b3fa3d56d10) ParticipantID(0) SessionID(23)
15:04:20.894280 147257 0x5b3fa3d56f40 DEBUG     pmx_device_debug pmxdevicectx.c:127:pmx_device_ctx_is_device_system_default:(NULL) GOT PROPS! pulse-proplist, alsa.card=(string)1, alsa.card_name=(string)"Logitech\ BRIO", alsa.class=(string)generic, alsa.components=(string)USB046d:085e, alsa.device=(string)0, alsa.driver_name=(string)snd_usb_audio, alsa.id=(string)BRIO, alsa.long_card_name=(string)"Logitech\ BRIO\ at\ usb-0000:25:00.0-2.3\,\ super\ speed", alsa.mixer_name=(string)"USB\ Mixer", alsa.name=(string)"USB\ Audio", alsa.resolution_bits=(string)16, alsa.subclass=(string)generic-mix, alsa.subdevice=(string)0, alsa.subdevice_name=(string)"subdevice\ \#0", api.alsa.card.longname=(string)"Logitech\ BRIO\ at\ usb-0000:25:00.0-2.3\,\ super\ speed", api.alsa.card.name=(string)"Logitech\ BRIO", api.alsa.path=(string)iec958:1, api.alsa.pcm.card=(string)1, api.alsa.pcm.stream=(string)capture, audio.channels=(string)2, audio.position=(string)"FL\,FR", card.profile.device=(string)2, device.api=(string)alsa, device.class=(string)sound, device.id=(string)80, device.profile.description=(string)"Digital\ Stereo\ \(IEC958\)", device.profile.name=(string)iec958-stereo, device.routes=(string)1, factory.name=(string)api.alsa.pcm.source, media.class=(string)Audio/Source, device.description=(string)"BRIO\ Ultra\ HD\ Webcam", node.name=(string)alsa_input.usb-046d_Logitech_BRIO_80D43CFB-03.iec958-stereo, node.nick=(string)"Logitech\ BRIO", node.pause-on-idle=(string)false, object.path=(string)alsa:pcm:1:iec958:1:capture, priority.driver=(string)2008, priority.session=(string)2008, factory.id=(string)18, clock.quantum-limit=(string)8192, client.id=(string)34, node.driver=(string)true, factory.mode=(string)split, audio.adapt.follower=(string)"", library.name=(string)audioconvert/libspa-audioconvert, object.id=(string)84, object.serial=(string)84, api.acp.auto-port=(string)false, api.acp.auto-profile=(string)false, api.alsa.card=(string)1, api.alsa.use-acp=(string)true, api.dbus.ReserveDevice1=(string)Audio1, device.bus=(string)usb, device.bus-id=(string)usb-046d_Logitech_BRIO_80D43CFB-03, device.bus_path=(string)pci-0000:25:00.0-usb-0:2.3:1.3, device.enum.api=(string)udev, device.form_factor=(string)webcam, device.icon_name=(string)camera-web-analog-usb, device.name=(string)alsa_card.usb-046d_Logitech_BRIO_80D43CFB-03, device.nick=(string)"Logitech\ BRIO", device.plugged.usec=(string)9379098, device.product.id=(string)0x085e, device.product.name=(string)"BRIO\ Ultra\ HD\ Webcam", device.serial=(string)046d_Logitech_BRIO_80D43CFB, device.subsystem=(string)sound, sysfs.path=(string)/devices/pci0000:00/0000:00:1d.0/0000:20:00.0/0000:21:01.0/0000:23:00.0/0000:24:02.0/0000:25:00.0/usb4/4-2/4-2.3/4-2.3:1.3/sound/card1, device.vendor.id=(string)0x046d, device.vendor.name=(string)"Logitech\,\ Inc.", device.string=(string)1, is-default=(boolean)true;
15:04:20.894282 147257 0x5b3fa3c689f0 INFO pmx_device_session_debug pmxdevicesession.c:814:pmx_device_session_new:<PmxDeviceSession@0x5b3fa3d9c720> New SessionID(23) ParticipantID(0)
15:04:20.894312 147257 0x5b3fa3c689f0 INFO pmx_participant_debug pmxparticipant.c:290:pmx_participant_create_device_session:(NULL) ParticipantID(0) Create video SessionID(24)
15:04:20.894317 147257 0x5b3fa3c689f0 DEBUG            pmx_debug pmxbasesession.c:126:pmx_base_session_init:<PmxDeviceSession@0x5b3fa3d9c840> Init BaseSession Pipeline(0x5b3fa3d56d10) ParticipantID(0) SessionID(24)
15:04:20.894317 147257 0x5b3fa3d56f40 INFO pmx_device_monitor_debug pmxdevicemonitor.c:202:pmx_device_monitor_on_device_list_changed_unlocked:<PmxDeviceMonitor@0x5b3fa3d66840> Device list changed - message device-added - device <pulsedevice1>
15:04:20.894322 147257 0x5b3fa3c689f0 INFO pmx_device_session_debug pmxdevicesession.c:814:pmx_device_session_new:<PmxDeviceSession@0x5b3fa3d9c840> New SessionID(24) ParticipantID(0)
15:04:20.894342 147257 0x5b3fa3d56f40 DEBUG     pmx_device_debug pmxdevicectx.c:127:pmx_device_ctx_is_device_system_default:(NULL) GOT PROPS! pulse-proplist, alsa.card=(string)3, alsa.card_name=(string)sof-hda-dsp, alsa.class=(string)generic, alsa.components=(string)"HDA:8086281c\,80860101\,00100000\ HDA:10ec0287\,17aa22f9\,00100002\ cfg-dmics:2", alsa.device=(string)5, alsa.driver_name=(string)snd_soc_skl_hda_dsp, alsa.id=(string)sofhdadsp, alsa.long_card_name=(string)LENOVO-21DECTO1WW-ThinkPadX1ExtremeGen5, alsa.mixer_device=(string)_ucm0003.hw:sofhdadsp, alsa.mixer_name=(string)"Realtek\ ALC287", alsa.name=(string)"", alsa.resolution_bits=(string)16, alsa.subclass=(string)generic-mix, alsa.subdevice=(string)0, alsa.subdevice_name=(string)"subdevice\ \#0", api.alsa.card.longname=(string)LENOVO-21DECTO1WW-ThinkPadX1ExtremeGen5, api.alsa.card.name=(string)sof-hda-dsp, api.alsa.open.ucm=(string)true, api.alsa.path=(string)"hw:sofhdadsp\,5", api.alsa.pcm.card=(string)3, api.alsa.pcm.stream=(string)playback, audio.channels=(string)2, audio.position=(string)"FL\,FR", card.profile.device=(string)0, device.api=(string)alsa, device.class=(string)monitor, device.id=(string)81, device.profile.description=(string)"HDMI\ /\ DisplayPort\ 3\ Output", device.profile.name=(string)"HiFi:\ hw:sofhdadsp\,5:\ sink", device.routes=(string)1, factory.name=(string)api.alsa.pcm.sink, media.class=(string)Audio/Sink, device.description=(string)"Alder\ Lake\ PCH-P\ High\ Definition\ Audio\ Controller", node.name=(string)alsa_output.pci-0000_00_1f.3-platform-skl_hda_dsp_generic.HiFi__hw_sofhdadsp_5__sink, node.nick=(string)"HDMI\ /\ DisplayPort\ 3\ Output", node.pause-on-idle=(string)false, object.path=(string)"alsa:pcm:3:hw:sofhdadsp\,5:playback", priority.driver=(string)664, priority.session=(string)664, factory.id=(string)18, clock.quantum-limit=(string)8192, client.id=(string)34, node.driver=(string)true, factory.mode=(string)merge, audio.adapt.follower=(string)"", library.name=(string)audioconvert/libspa-audioconvert, object.id=(string)85, object.serial=(string)85, api.acp.auto-port=(string)false, api.acp.auto-profile=(string)false, api.alsa.card=(string)3, api.alsa.use-acp=(string)true, api.dbus.ReserveDevice1=(string)Audio3, device.bus=(string)pci, device.bus_path=(string)pci-0000:00:1f.3-platform-skl_hda_dsp_generic, device.enum.api=(string)udev, device.icon_name=(string)audio-card-analog-pci, device.name=(string)alsa_card.pci-0000_00_1f.3-platform-skl_hda_dsp_generic, device.nick=(string)sof-hda-dsp, device.plugged.usec=(string)11083228, device.product.id=(string)0x51c8, device.product.name=(string)"Alder\ Lake\ PCH-P\ High\ Definition\ Audio\ Controller", device.subsystem=(string)sound, sysfs.path=(string)/devices/pci0000:00/0000:00:1f.3/skl_hda_dsp_generic/sound/card3, device.vendor.id=(string)0x8086, device.vendor.name=(string)"Intel\ Corporation", device.string=(string)3, is-default=(boolean)false;
15:04:20.894371 147257 0x5b3fa3c689f0 INFO     pmx_device_debug pmxdevicectx.c:518:pmx_device_ctx_new:<PmxDeviceCtx@0x5b3fa3d9c9a0> New PmxDeviceCtx (0x5b3fa3d9c9a0)
15:04:20.894371 147257 0x5b3fa3d56f40 INFO pmx_device_monitor_debug pmxdevicemonitor.c:202:pmx_device_monitor_on_device_list_changed_unlocked:<PmxDeviceMonitor@0x5b3fa3d66840> Device list changed - message device-added - device <pulsedevice2>
15:04:20.894377 147257 0x5b3fa3c689f0 INFO pmx_device_session_debug pmxdevicesession.c:519:pmx_device_session_set_audio_device_list_changed_callback:<PmxDeviceSession@0x5b3fa3d99fa0> SessionID(1) Setting AudioDeviceListChange Callback (0x7fc91f73e5c0) with user data (0x5b3fa3d9b2b0)
15:04:20.894397 147257 0x5b3fa3c689f0 INFO pmx_participant_debug pmxparticipant.c:327:pmx_participant_create_gfx_session:(NULL) ParticipantID(0) Create SessionID(25)
15:04:20.894399 147257 0x5b3fa3d56f40 DEBUG     pmx_device_debug pmxdevicectx.c:127:pmx_device_ctx_is_device_system_default:(NULL) GOT PROPS! pulse-proplist, alsa.card=(string)3, alsa.card_name=(string)sof-hda-dsp, alsa.class=(string)generic, alsa.components=(string)"HDA:8086281c\,80860101\,00100000\ HDA:10ec0287\,17aa22f9\,00100002\ cfg-dmics:2", alsa.device=(string)4, alsa.driver_name=(string)snd_soc_skl_hda_dsp, alsa.id=(string)sofhdadsp, alsa.long_card_name=(string)LENOVO-21DECTO1WW-ThinkPadX1ExtremeGen5, alsa.mixer_device=(string)_ucm0003.hw:sofhdadsp, alsa.mixer_name=(string)"Realtek\ ALC287", alsa.name=(string)"", alsa.resolution_bits=(string)16, alsa.subclass=(string)generic-mix, alsa.subdevice=(string)0, alsa.subdevice_name=(string)"subdevice\ \#0", api.alsa.card.longname=(string)LENOVO-21DECTO1WW-ThinkPadX1ExtremeGen5, api.alsa.card.name=(string)sof-hda-dsp, api.alsa.open.ucm=(string)true, api.alsa.path=(string)"hw:sofhdadsp\,4", api.alsa.pcm.card=(string)3, api.alsa.pcm.stream=(string)playback, audio.channels=(string)2, audio.position=(string)"FL\,FR", card.profile.device=(string)1, device.api=(string)alsa, device.class=(string)monitor, device.id=(string)81, device.profile.description=(string)"HDMI\ /\ DisplayPort\ 2\ Output", device.profile.name=(string)"HiFi:\ hw:sofhdadsp\,4:\ sink", device.routes=(string)1, factory.name=(string)api.alsa.pcm.sink, media.class=(string)Audio/Sink, device.description=(string)"Alder\ Lake\ PCH-P\ High\ Definition\ Audio\ Controller", node.name=(string)alsa_output.pci-0000_00_1f.3-platform-skl_hda_dsp_generic.HiFi__hw_sofhdadsp_4__sink, node.nick=(string)"HDMI\ /\ DisplayPort\ 2\ Output", node.pause-on-idle=(string)false, object.path=(string)"alsa:pcm:3:hw:sofhdadsp\,4:playback", priority.driver=(string)680, priority.session=(string)680, factory.id=(string)18, clock.quantum-limit=(string)8192, client.id=(string)34, node.driver=(string)true, factory.mode=(string)merge, audio.adapt.follower=(string)"", library.name=(string)audioconvert/libspa-audioconvert, object.id=(string)86, object.serial=(string)86, api.acp.auto-port=(string)false, api.acp.auto-profile=(string)false, api.alsa.card=(string)3, api.alsa.use-acp=(string)true, api.dbus.ReserveDevice1=(string)Audio3, device.bus=(string)pci, device.bus_path=(string)pci-0000:00:1f.3-platform-skl_hda_dsp_generic, device.enum.api=(string)udev, device.icon_name=(string)audio-card-analog-pci, device.name=(string)alsa_card.pci-0000_00_1f.3-platform-skl_hda_dsp_generic, device.nick=(string)sof-hda-dsp, device.plugged.usec=(string)11083228, device.product.id=(string)0x51c8, device.product.name=(string)"Alder\ Lake\ PCH-P\ High\ Definition\ Audio\ Controller", device.subsystem=(string)sound, sysfs.path=(string)/devices/pci0000:00/0000:00:1f.3/skl_hda_dsp_generic/sound/card3, device.vendor.id=(string)0x8086, device.vendor.name=(string)"Intel\ Corporation", device.string=(string)3, is-default=(boolean)false;
15:04:20.894404 147257 0x5b3fa3c689f0 DEBUG            pmx_debug pmxbasesession.c:126:pmx_base_session_init:<PmxGfxSession@0x5b3fa3d9b4b0> Init BaseSession Pipeline(0x5b3fa3d56d10) ParticipantID(0) SessionID(25)
15:04:20.894429 147257 0x5b3fa3d56f40 DEBUG pmx_device_monitor_debug pmxdevicemonitor.c:246:pmx_device_monitor_on_device_list_changed_unlocked:<PmxDeviceMonitor@0x5b3fa3d66840> Audio Device list changed!
15:04:20.894430 147257 0x5b3fa3c689f0 INFO pmx_gfx_session_debug pmxgfxsession.c:42:pmx_gfx_session_new:<PmxGfxSession@0x5b3fa3d9b4b0> New GfxSession ID(25) ParticipantID(0)
15:04:20.894438 147257 0x5b3fa3d56f40 INFO pmx_device_monitor_debug pmxdevicemonitor.c:202:pmx_device_monitor_on_device_list_changed_unlocked:<PmxDeviceMonitor@0x5b3fa3d66840> Device list changed - message device-added - device <pulsedevice3>
15:04:20.894442 147257 0x5b3fa3c689f0 INFO pmx_gfx_session_debug pmxgfxsession.c:24:pmx_gfx_session_add_input:<PmxGfxSession@0x5b3fa3d9b4b0> GfxSessionID(25) Add input InputID(0) 
15:04:20.894457 147257 0x5b3fa3d56f40 DEBUG     pmx_device_debug pmxdevicectx.c:127:pmx_device_ctx_is_device_system_default:(NULL) GOT PROPS! pulse-proplist, alsa.card=(string)3, alsa.card_name=(string)sof-hda-dsp, alsa.class=(string)generic, alsa.components=(string)"HDA:8086281c\,80860101\,00100000\ HDA:10ec0287\,17aa22f9\,00100002\ cfg-dmics:2", alsa.device=(string)3, alsa.driver_name=(string)snd_soc_skl_hda_dsp, alsa.id=(string)sofhdadsp, alsa.long_card_name=(string)LENOVO-21DECTO1WW-ThinkPadX1ExtremeGen5, alsa.mixer_device=(string)_ucm0003.hw:sofhdadsp, alsa.mixer_name=(string)"Realtek\ ALC287", alsa.name=(string)"", alsa.resolution_bits=(string)16, alsa.subclass=(string)generic-mix, alsa.subdevice=(string)0, alsa.subdevice_name=(string)"subdevice\ \#0", api.alsa.card.longname=(string)LENOVO-21DECTO1WW-ThinkPadX1ExtremeGen5, api.alsa.card.name=(string)sof-hda-dsp, api.alsa.open.ucm=(string)true, api.alsa.path=(string)"hw:sofhdadsp\,3", api.alsa.pcm.card=(string)3, api.alsa.pcm.stream=(string)playback, audio.channels=(string)2, audio.position=(string)"FL\,FR", card.profile.device=(string)2, device.api=(string)alsa, device.class=(string)monitor, device.id=(string)81, device.profile.description=(string)"HDMI\ /\ DisplayPort\ 1\ Output", device.profile.name=(string)"HiFi:\ hw:sofhdadsp\,3:\ sink", device.routes=(string)1, factory.name=(string)api.alsa.pcm.sink, media.class=(string)Audio/Sink, device.description=(string)"Alder\ Lake\ PCH-P\ High\ Definition\ Audio\ Controller", node.name=(string)alsa_output.pci-0000_00_1f.3-platform-skl_hda_dsp_generic.HiFi__hw_sofhdadsp_3__sink, node.nick=(string)"HDMI\ /\ DisplayPort\ 1\ Output", node.pause-on-idle=(string)false, object.path=(string)"alsa:pcm:3:hw:sofhdadsp\,3:playback", priority.driver=(string)696, priority.session=(string)696, factory.id=(string)18, clock.quantum-limit=(string)8192, client.id=(string)34, node.driver=(string)true, factory.mode=(string)merge, audio.adapt.follower=(string)"", library.name=(string)audioconvert/libspa-audioconvert, object.id=(string)87, object.serial=(string)87, api.acp.auto-port=(string)false, api.acp.auto-profile=(string)false, api.alsa.card=(string)3, api.alsa.use-acp=(string)true, api.dbus.ReserveDevice1=(string)Audio3, device.bus=(string)pci, device.bus_path=(string)pci-0000:00:1f.3-platform-skl_hda_dsp_generic, device.enum.api=(string)udev, device.icon_name=(string)audio-card-analog-pci, device.name=(string)alsa_card.pci-0000_00_1f.3-platform-skl_hda_dsp_generic, device.nick=(string)sof-hda-dsp, device.plugged.usec=(string)11083228, device.product.id=(string)0x51c8, device.product.name=(string)"Alder\ Lake\ PCH-P\ High\ Definition\ Audio\ Controller", device.subsystem=(string)sound, sysfs.path=(string)/devices/pci0000:00/0000:00:1f.3/skl_hda_dsp_generic/sound/card3, device.vendor.id=(string)0x8086, device.vendor.name=(string)"Intel\ Corporation", device.string=(string)3, is-default=(boolean)false;
15:04:20.894486 147257 0x5b3fa3d56f40 DEBUG pmx_device_monitor_debug pmxdevicemonitor.c:246:pmx_device_monitor_on_device_list_changed_unlocked:<PmxDeviceMonitor@0x5b3fa3d66840> Audio Device list changed!
15:04:20.894494 147257 0x5b3fa3d56f40 INFO pmx_device_monitor_debug pmxdevicemonitor.c:202:pmx_device_monitor_on_device_list_changed_unlocked:<PmxDeviceMonitor@0x5b3fa3d66840> Device list changed - message device-added - device <pulsedevice4>
15:04:20.894512 147257 0x5b3fa3d56f40 DEBUG     pmx_device_debug pmxdevicectx.c:127:pmx_device_ctx_is_device_system_default:(NULL) GOT PROPS! pulse-proplist, alsa.card=(string)3, alsa.card_name=(string)sof-hda-dsp, alsa.class=(string)generic, alsa.components=(string)"HDA:8086281c\,80860101\,00100000\ HDA:10ec0287\,17aa22f9\,00100002\ cfg-dmics:2", alsa.device=(string)0, alsa.driver_name=(string)snd_soc_skl_hda_dsp, alsa.id=(string)sofhdadsp, alsa.long_card_name=(string)LENOVO-21DECTO1WW-ThinkPadX1ExtremeGen5, alsa.mixer_device=(string)_ucm0003.hw:sofhdadsp, alsa.mixer_name=(string)"Realtek\ ALC287", alsa.name=(string)"", alsa.resolution_bits=(string)16, alsa.subclass=(string)generic-mix, alsa.subdevice=(string)0, alsa.subdevice_name=(string)"subdevice\ \#0", api.alsa.card.longname=(string)LENOVO-21DECTO1WW-ThinkPadX1ExtremeGen5, api.alsa.card.name=(string)sof-hda-dsp, api.alsa.open.ucm=(string)true, api.alsa.path=(string)hw:sofhdadsp, api.alsa.pcm.card=(string)3, api.alsa.pcm.stream=(string)playback, audio.channels=(string)2, audio.position=(string)"FL\,FR", card.profile.device=(string)3, device.api=(string)alsa, device.class=(string)monitor, device.id=(string)81, device.profile.description=(string)"Speaker\ +\ Headphones", device.profile.name=(string)"HiFi:\ hw:sofhdadsp:\ sink", device.routes=(string)2, factory.name=(string)api.alsa.pcm.sink, media.class=(string)Audio/Sink, device.description=(string)"Alder\ Lake\ PCH-P\ High\ Definition\ Audio\ Controller", node.name=(string)alsa_output.pci-0000_00_1f.3-platform-skl_hda_dsp_generic.HiFi__hw_sofhdadsp__sink, node.nick=(string)"Speaker\ +\ Headphones", node.pause-on-idle=(string)false, object.path=(string)alsa:pcm:3:hw:sofhdadsp:playback, priority.driver=(string)1000, priority.session=(string)1000, factory.id=(string)18, clock.quantum-limit=(string)8192, client.id=(string)34, node.driver=(string)true, factory.mode=(string)merge, audio.adapt.follower=(string)"", library.name=(string)audioconvert/libspa-audioconvert, object.id=(string)88, object.serial=(string)88, api.acp.auto-port=(string)false, api.acp.auto-profile=(string)false, api.alsa.card=(string)3, api.alsa.use-acp=(string)true, api.dbus.ReserveDevice1=(string)Audio3, device.bus=(string)pci, device.bus_path=(string)pci-0000:00:1f.3-platform-skl_hda_dsp_generic, device.enum.api=(string)udev, device.icon_name=(string)audio-card-analog-pci, device.name=(string)alsa_card.pci-0000_00_1f.3-platform-skl_hda_dsp_generic, device.nick=(string)sof-hda-dsp, device.plugged.usec=(string)11083228, device.product.id=(string)0x51c8, device.product.name=(string)"Alder\ Lake\ PCH-P\ High\ Definition\ Audio\ Controller", device.subsystem=(string)sound, sysfs.path=(string)/devices/pci0000:00/0000:00:1f.3/skl_hda_dsp_generic/sound/card3, device.vendor.id=(string)0x8086, device.vendor.name=(string)"Intel\ Corporation", device.string=(string)3, is-default=(boolean)false;
15:04:20.894542 147257 0x5b3fa3d56f40 DEBUG pmx_device_monitor_debug pmxdevicemonitor.c:246:pmx_device_monitor_on_device_list_changed_unlocked:<PmxDeviceMonitor@0x5b3fa3d66840> Audio Device list changed!
15:04:20.894549 147257 0x5b3fa3d56f40 INFO pmx_device_monitor_debug pmxdevicemonitor.c:202:pmx_device_monitor_on_device_list_changed_unlocked:<PmxDeviceMonitor@0x5b3fa3d66840> Device list changed - message device-added - device <pulsedevice5>
15:04:20.894566 147257 0x5b3fa3d56f40 DEBUG     pmx_device_debug pmxdevicectx.c:127:pmx_device_ctx_is_device_system_default:(NULL) GOT PROPS! pulse-proplist, alsa.card=(string)3, alsa.card_name=(string)sof-hda-dsp, alsa.class=(string)generic, alsa.components=(string)"HDA:8086281c\,80860101\,00100000\ HDA:10ec0287\,17aa22f9\,00100002\ cfg-dmics:2", alsa.device=(string)0, alsa.driver_name=(string)snd_soc_skl_hda_dsp, alsa.id=(string)sofhdadsp, alsa.long_card_name=(string)LENOVO-21DECTO1WW-ThinkPadX1ExtremeGen5, alsa.mixer_device=(string)_ucm0003.hw:sofhdadsp, alsa.mixer_name=(string)"Realtek\ ALC287", alsa.name=(string)"", alsa.resolution_bits=(string)16, alsa.subclass=(string)generic-mix, alsa.subdevice=(string)0, alsa.subdevice_name=(string)"subdevice\ \#0", api.alsa.card.longname=(string)LENOVO-21DECTO1WW-ThinkPadX1ExtremeGen5, api.alsa.card.name=(string)sof-hda-dsp, api.alsa.open.ucm=(string)true, api.alsa.path=(string)hw:sofhdadsp, api.alsa.pcm.card=(string)3, api.alsa.pcm.stream=(string)capture, audio.channels=(string)2, audio.position=(string)"FL\,FR", card.profile.device=(string)4, device.api=(string)alsa, device.class=(string)sound, device.id=(string)81, device.profile.description=(string)"Headphones\ Stereo\ Microphone", device.profile.name=(string)"HiFi:\ hw:sofhdadsp:\ source", device.routes=(string)1, factory.name=(string)api.alsa.pcm.source, media.class=(string)Audio/Source, device.description=(string)"Alder\ Lake\ PCH-P\ High\ Definition\ Audio\ Controller", node.name=(string)alsa_input.pci-0000_00_1f.3-platform-skl_hda_dsp_generic.HiFi__hw_sofhdadsp__source, node.nick=(string)"Headphones\ Stereo\ Microphone", node.pause-on-idle=(string)false, object.path=(string)alsa:pcm:3:hw:sofhdadsp:capture, priority.driver=(string)2000, priority.session=(string)2000, factory.id=(string)18, clock.quantum-limit=(string)8192, client.id=(string)34, node.driver=(string)true, factory.mode=(string)split, audio.adapt.follower=(string)"", library.name=(string)audioconvert/libspa-audioconvert, object.id=(string)89, object.serial=(string)89, api.acp.auto-port=(string)false, api.acp.auto-profile=(string)false, api.alsa.card=(string)3, api.alsa.use-acp=(string)true, api.dbus.ReserveDevice1=(string)Audio3, device.bus=(string)pci, device.bus_path=(string)pci-0000:00:1f.3-platform-skl_hda_dsp_generic, device.enum.api=(string)udev, device.icon_name=(string)audio-card-analog-pci, device.name=(string)alsa_card.pci-0000_00_1f.3-platform-skl_hda_dsp_generic, device.nick=(string)sof-hda-dsp, device.plugged.usec=(string)11083228, device.product.id=(string)0x51c8, device.product.name=(string)"Alder\ Lake\ PCH-P\ High\ Definition\ Audio\ Controller", device.subsystem=(string)sound, sysfs.path=(string)/devices/pci0000:00/0000:00:1f.3/skl_hda_dsp_generic/sound/card3, device.vendor.id=(string)0x8086, device.vendor.name=(string)"Intel\ Corporation", device.string=(string)3, is-default=(boolean)false;
15:04:20.894592 147257 0x5b3fa3d56f40 DEBUG pmx_device_monitor_debug pmxdevicemonitor.c:246:pmx_device_monitor_on_device_list_changed_unlocked:<PmxDeviceMonitor@0x5b3fa3d66840> Audio Device list changed!
15:04:20.894599 147257 0x5b3fa3d56f40 INFO pmx_device_monitor_debug pmxdevicemonitor.c:202:pmx_device_monitor_on_device_list_changed_unlocked:<PmxDeviceMonitor@0x5b3fa3d66840> Device list changed - message device-added - device <pulsedevice6>
15:04:20.894615 147257 0x5b3fa3d56f40 DEBUG     pmx_device_debug pmxdevicectx.c:127:pmx_device_ctx_is_device_system_default:(NULL) GOT PROPS! pulse-proplist, alsa.card=(string)3, alsa.card_name=(string)sof-hda-dsp, alsa.class=(string)generic, alsa.components=(string)"HDA:8086281c\,80860101\,00100000\ HDA:10ec0287\,17aa22f9\,00100002\ cfg-dmics:2", alsa.device=(string)6, alsa.driver_name=(string)snd_soc_skl_hda_dsp, alsa.id=(string)sofhdadsp, alsa.long_card_name=(string)LENOVO-21DECTO1WW-ThinkPadX1ExtremeGen5, alsa.mixer_device=(string)_ucm0003.hw:sofhdadsp, alsa.mixer_name=(string)"Realtek\ ALC287", alsa.name=(string)"", alsa.resolution_bits=(string)16, alsa.subclass=(string)generic-mix, alsa.subdevice=(string)0, alsa.subdevice_name=(string)"subdevice\ \#0", api.alsa.card.longname=(string)LENOVO-21DECTO1WW-ThinkPadX1ExtremeGen5, api.alsa.card.name=(string)sof-hda-dsp, api.alsa.open.ucm=(string)true, api.alsa.path=(string)"hw:sofhdadsp\,6", api.alsa.pcm.card=(string)3, api.alsa.pcm.stream=(string)capture, audio.channels=(string)2, audio.position=(string)"FL\,FR", card.profile.device=(string)5, device.api=(string)alsa, device.class=(string)sound, device.id=(string)81, device.profile.description=(string)"Digital\ Microphone", device.profile.name=(string)"HiFi:\ hw:sofhdadsp\,6:\ source", device.routes=(string)1, factory.name=(string)api.alsa.pcm.source, media.class=(string)Audio/Source, device.description=(string)"Alder\ Lake\ PCH-P\ High\ Definition\ Audio\ Controller", node.name=(string)alsa_input.pci-0000_00_1f.3-platform-skl_hda_dsp_generic.HiFi__hw_sofhdadsp_6__source, node.nick=(string)"Digital\ Microphone", node.pause-on-idle=(string)false, object.path=(string)"alsa:pcm:3:hw:sofhdadsp\,6:capture", priority.driver=(string)1648, priority.session=(string)1648, factory.id=(string)18, clock.quantum-limit=(string)8192, client.id=(string)34, node.driver=(string)true, factory.mode=(string)split, audio.adapt.follower=(string)"", library.name=(string)audioconvert/libspa-audioconvert, object.id=(string)90, object.serial=(string)90, api.acp.auto-port=(string)false, api.acp.auto-profile=(string)false, api.alsa.card=(string)3, api.alsa.use-acp=(string)true, api.dbus.ReserveDevice1=(string)Audio3, device.bus=(string)pci, device.bus_path=(string)pci-0000:00:1f.3-platform-skl_hda_dsp_generic, device.enum.api=(string)udev, device.icon_name=(string)audio-card-analog-pci, device.name=(string)alsa_card.pci-0000_00_1f.3-platform-skl_hda_dsp_generic, device.nick=(string)sof-hda-dsp, device.plugged.usec=(string)11083228, device.product.id=(string)0x51c8, device.product.name=(string)"Alder\ Lake\ PCH-P\ High\ Definition\ Audio\ Controller", device.subsystem=(string)sound, sysfs.path=(string)/devices/pci0000:00/0000:00:1f.3/skl_hda_dsp_generic/sound/card3, device.vendor.id=(string)0x8086, device.vendor.name=(string)"Intel\ Corporation", device.string=(string)3, is-default=(boolean)false;
15:04:20.894641 147257 0x5b3fa3d56f40 DEBUG pmx_device_monitor_debug pmxdevicemonitor.c:246:pmx_device_monitor_on_device_list_changed_unlocked:<PmxDeviceMonitor@0x5b3fa3d66840> Audio Device list changed!
15:04:20.894647 147257 0x5b3fa3d56f40 INFO pmx_device_monitor_debug pmxdevicemonitor.c:202:pmx_device_monitor_on_device_list_changed_unlocked:<PmxDeviceMonitor@0x5b3fa3d66840> Device list changed - message device-added - device <pulsedevice7>
15:04:20.894666 147257 0x5b3fa3d56f40 DEBUG     pmx_device_debug pmxdevicectx.c:127:pmx_device_ctx_is_device_system_default:(NULL) GOT PROPS! pulse-proplist, alsa.card=(string)2, alsa.card_name=(string)"ThinkPad\ Thunderbolt\ 3\ Dock\ USB", alsa.class=(string)generic, alsa.components=(string)USB17ef:30cf, alsa.device=(string)0, alsa.driver_name=(string)snd_usb_audio, alsa.id=(string)USB, alsa.long_card_name=(string)"Lenovo\ ThinkPad\ Thunderbolt\ 3\ Dock\ USB\ at\ usb-0000:25:00.0-2.1.1.2\,\ full\ speed", alsa.mixer_name=(string)"USB\ Mixer", alsa.name=(string)"USB\ Audio", alsa.resolution_bits=(string)16, alsa.subclass=(string)generic-mix, alsa.subdevice=(string)0, alsa.subdevice_name=(string)"subdevice\ \#0", api.alsa.card.longname=(string)"Lenovo\ ThinkPad\ Thunderbolt\ 3\ Dock\ USB\ at\ usb-0000:25:00.0-2.1.1.2\,\ full\ speed", api.alsa.card.name=(string)"ThinkPad\ Thunderbolt\ 3\ Dock\ USB", api.alsa.path=(string)front:2, api.alsa.pcm.card=(string)2, api.alsa.pcm.stream=(string)playback, audio.channels=(string)2, audio.position=(string)"FL\,FR", card.profile.device=(string)3, device.api=(string)alsa, device.class=(string)monitor, device.id=(string)83, device.profile.description=(string)"Analog\ Stereo", device.profile.name=(string)analog-stereo, device.routes=(string)1, factory.name=(string)api.alsa.pcm.sink, media.class=(string)Audio/Sink, device.description=(string)"ThinkPad\ Thunderbolt\ 3\ Dock\ USB\ Audio", node.name=(string)alsa_output.usb-Lenovo_ThinkPad_Thunderbolt_3_Dock_USB_Audio_000000000000-00.analog-stereo, node.nick=(string)"ThinkPad\ Thunderbolt\ 3\ Dock\ USB", node.pause-on-idle=(string)false, object.path=(string)alsa:pcm:2:front:2:playback, priority.driver=(string)1009, priority.session=(string)1009, factory.id=(string)18, clock.quantum-limit=(string)8192, client.id=(string)34, node.driver=(string)true, factory.mode=(string)merge, audio.adapt.follower=(string)"", library.name=(string)audioconvert/libspa-audioconvert, object.id=(string)32, object.serial=(string)91, api.acp.auto-port=(string)false, api.acp.auto-profile=(string)false, api.alsa.card=(string)2, api.alsa.use-acp=(string)true, api.dbus.ReserveDevice1=(string)Audio2, device.bus=(string)usb, device.bus-id=(string)usb-Lenovo_ThinkPad_Thunderbolt_3_Dock_USB_Audio_000000000000-00, device.bus_path=(string)pci-0000:25:00.0-usb-0:2.1.1.2:1.0, device.enum.api=(string)udev, device.icon_name=(string)audio-card-analog-usb, device.name=(string)alsa_card.usb-Lenovo_ThinkPad_Thunderbolt_3_Dock_USB_Audio_000000000000-00, device.nick=(string)"ThinkPad\ Thunderbolt\ 3\ Dock\ USB", device.plugged.usec=(string)9459903, device.product.id=(string)0x30cf, device.product.name=(string)"ThinkPad\ Thunderbolt\ 3\ Dock\ USB\ Audio", device.serial=(string)Lenovo_ThinkPad_Thunderbolt_3_Dock_USB_Audio_000000000000, device.subsystem=(string)sound, sysfs.path=(string)/devices/pci0000:00/0000:00:1d.0/0000:20:00.0/0000:21:01.0/0000:23:00.0/0000:24:02.0/0000:25:00.0/usb3/3-2/3-2.1/3-2.1.1/3-2.1.1.2/3-2.1.1.2:1.0/sound/card2, device.vendor.id=(string)0x17ef, device.vendor.name=(string)Lenovo, device.string=(string)2, is-default=(boolean)false;
15:04:20.894694 147257 0x5b3fa3d56f40 DEBUG pmx_device_monitor_debug pmxdevicemonitor.c:246:pmx_device_monitor_on_device_list_changed_unlocked:<PmxDeviceMonitor@0x5b3fa3d66840> Audio Device list changed!
15:04:20.894701 147257 0x5b3fa3d56f40 INFO pmx_device_monitor_debug pmxdevicemonitor.c:202:pmx_device_monitor_on_device_list_changed_unlocked:<PmxDeviceMonitor@0x5b3fa3d66840> Device list changed - message device-added - device <pulsedevice8>
15:04:20.894718 147257 0x5b3fa3d56f40 DEBUG     pmx_device_debug pmxdevicectx.c:127:pmx_device_ctx_is_device_system_default:(NULL) GOT PROPS! pulse-proplist, alsa.card=(string)2, alsa.card_name=(string)"ThinkPad\ Thunderbolt\ 3\ Dock\ USB", alsa.class=(string)generic, alsa.components=(string)USB17ef:30cf, alsa.device=(string)0, alsa.driver_name=(string)snd_usb_audio, alsa.id=(string)USB, alsa.long_card_name=(string)"Lenovo\ ThinkPad\ Thunderbolt\ 3\ Dock\ USB\ at\ usb-0000:25:00.0-2.1.1.2\,\ full\ speed", alsa.mixer_name=(string)"USB\ Mixer", alsa.name=(string)"USB\ Audio", alsa.resolution_bits=(string)16, alsa.subclass=(string)generic-mix, alsa.subdevice=(string)0, alsa.subdevice_name=(string)"subdevice\ \#0", api.alsa.card.longname=(string)"Lenovo\ ThinkPad\ Thunderbolt\ 3\ Dock\ USB\ at\ usb-0000:25:00.0-2.1.1.2\,\ full\ speed", api.alsa.card.name=(string)"ThinkPad\ Thunderbolt\ 3\ Dock\ USB", api.alsa.path=(string)hw:2, api.alsa.pcm.card=(string)2, api.alsa.pcm.stream=(string)capture, audio.channels=(string)1, audio.position=(string)MONO, card.profile.device=(string)2, device.api=(string)alsa, device.class=(string)sound, device.id=(string)83, device.profile.description=(string)Mono, device.profile.name=(string)mono-fallback, device.routes=(string)1, factory.name=(string)api.alsa.pcm.source, media.class=(string)Audio/Source, device.description=(string)"ThinkPad\ Thunderbolt\ 3\ Dock\ USB\ Audio", node.name=(string)alsa_input.usb-Lenovo_ThinkPad_Thunderbolt_3_Dock_USB_Audio_000000000000-00.mono-fallback, node.nick=(string)"ThinkPad\ Thunderbolt\ 3\ Dock\ USB", node.pause-on-idle=(string)false, object.path=(string)alsa:pcm:2:hw:2:capture, priority.driver=(string)2000, priority.session=(string)2000, factory.id=(string)18, clock.quantum-limit=(string)8192, client.id=(string)34, node.driver=(string)true, factory.mode=(string)split, audio.adapt.follower=(string)"", library.name=(string)audioconvert/libspa-audioconvert, object.id=(string)76, object.serial=(string)92, api.acp.auto-port=(string)false, api.acp.auto-profile=(string)false, api.alsa.card=(string)2, api.alsa.use-acp=(string)true, api.dbus.ReserveDevice1=(string)Audio2, device.bus=(string)usb, device.bus-id=(string)usb-Lenovo_ThinkPad_Thunderbolt_3_Dock_USB_Audio_000000000000-00, device.bus_path=(string)pci-0000:25:00.0-usb-0:2.1.1.2:1.0, device.enum.api=(string)udev, device.icon_name=(string)audio-card-analog-usb, device.name=(string)alsa_card.usb-Lenovo_ThinkPad_Thunderbolt_3_Dock_USB_Audio_000000000000-00, device.nick=(string)"ThinkPad\ Thunderbolt\ 3\ Dock\ USB", device.plugged.usec=(string)9459903, device.product.id=(string)0x30cf, device.product.name=(string)"ThinkPad\ Thunderbolt\ 3\ Dock\ USB\ Audio", device.serial=(string)Lenovo_ThinkPad_Thunderbolt_3_Dock_USB_Audio_000000000000, device.subsystem=(string)sound, sysfs.path=(string)/devices/pci0000:00/0000:00:1d.0/0000:20:00.0/0000:21:01.0/0000:23:00.0/0000:24:02.0/0000:25:00.0/usb3/3-2/3-2.1/3-2.1.1/3-2.1.1.2/3-2.1.1.2:1.0/sound/card2, device.vendor.id=(string)0x17ef, device.vendor.name=(string)Lenovo, device.string=(string)2, is-default=(boolean)false;
15:04:20.894748 147257 0x5b3fa3d56f40 DEBUG pmx_device_monitor_debug pmxdevicemonitor.c:246:pmx_device_monitor_on_device_list_changed_unlocked:<PmxDeviceMonitor@0x5b3fa3d66840> Audio Device list changed!
15:04:20.894754 147257 0x5b3fa3d56f40 INFO pmx_device_monitor_debug pmxdevicemonitor.c:202:pmx_device_monitor_on_device_list_changed_unlocked:<PmxDeviceMonitor@0x5b3fa3d66840> Device list changed - message device-added - device <pulsedevice9>
15:04:20.894770 147257 0x5b3fa3d56f40 DEBUG     pmx_device_debug pmxdevicectx.c:127:pmx_device_ctx_is_device_system_default:(NULL) GOT PROPS! pulse-proplist, alsa.card=(string)3, alsa.card_name=(string)sof-hda-dsp, alsa.class=(string)generic, alsa.components=(string)"HDA:8086281c\,80860101\,00100000\ HDA:10ec0287\,17aa22f9\,00100002\ cfg-dmics:2", alsa.device=(string)5, alsa.driver_name=(string)snd_soc_skl_hda_dsp, alsa.id=(string)sofhdadsp, alsa.long_card_name=(string)LENOVO-21DECTO1WW-ThinkPadX1ExtremeGen5, alsa.mixer_device=(string)_ucm0003.hw:sofhdadsp, alsa.mixer_name=(string)"Realtek\ ALC287", alsa.name=(string)"", alsa.resolution_bits=(string)16, alsa.subclass=(string)generic-mix, alsa.subdevice=(string)0, alsa.subdevice_name=(string)"subdevice\ \#0", api.alsa.card.longname=(string)LENOVO-21DECTO1WW-ThinkPadX1ExtremeGen5, api.alsa.card.name=(string)sof-hda-dsp, api.alsa.open.ucm=(string)true, api.alsa.path=(string)"hw:sofhdadsp\,5", api.alsa.pcm.card=(string)3, api.alsa.pcm.stream=(string)playback, audio.channels=(string)2, audio.position=(string)"FL\,FR", card.profile.device=(string)0, device.api=(string)alsa, device.class=(string)sound, device.id=(string)81, device.profile.description=(string)"HDMI\ /\ DisplayPort\ 3\ Output", device.profile.name=(string)"HiFi:\ hw:sofhdadsp\,5:\ sink", device.routes=(string)1, factory.name=(string)api.alsa.pcm.sink, media.class=(string)Audio/Sink, device.description=(string)"Alder\ Lake\ PCH-P\ High\ Definition\ Audio\ Controller", node.name=(string)alsa_output.pci-0000_00_1f.3-platform-skl_hda_dsp_generic.HiFi__hw_sofhdadsp_5__sink, node.nick=(string)"HDMI\ /\ DisplayPort\ 3\ Output", node.pause-on-idle=(string)false, object.path=(string)"alsa:pcm:3:hw:sofhdadsp\,5:playback", priority.driver=(string)664, priority.session=(string)664, factory.id=(string)18, clock.quantum-limit=(string)8192, client.id=(string)34, node.driver=(string)true, factory.mode=(string)merge, audio.adapt.follower=(string)"", library.name=(string)audioconvert/libspa-audioconvert, object.id=(string)85, object.serial=(string)85, api.acp.auto-port=(string)false, api.acp.auto-profile=(string)false, api.alsa.card=(string)3, api.alsa.use-acp=(string)true, api.dbus.ReserveDevice1=(string)Audio3, device.bus=(string)pci, device.bus_path=(string)pci-0000:00:1f.3-platform-skl_hda_dsp_generic, device.enum.api=(string)udev, device.icon_name=(string)audio-card-analog-pci, device.name=(string)alsa_card.pci-0000_00_1f.3-platform-skl_hda_dsp_generic, device.nick=(string)sof-hda-dsp, device.plugged.usec=(string)11083228, device.product.id=(string)0x51c8, device.product.name=(string)"Alder\ Lake\ PCH-P\ High\ Definition\ Audio\ Controller", device.subsystem=(string)sound, sysfs.path=(string)/devices/pci0000:00/0000:00:1f.3/skl_hda_dsp_generic/sound/card3, device.vendor.id=(string)0x8086, device.vendor.name=(string)"Intel\ Corporation", device.string=(string)3, is-default=(boolean)false;
15:04:20.894798 147257 0x5b3fa3d56f40 DEBUG pmx_device_monitor_debug pmxdevicemonitor.c:246:pmx_device_monitor_on_device_list_changed_unlocked:<PmxDeviceMonitor@0x5b3fa3d66840> Audio Device list changed!
15:04:20.894804 147257 0x5b3fa3d56f40 INFO pmx_device_monitor_debug pmxdevicemonitor.c:202:pmx_device_monitor_on_device_list_changed_unlocked:<PmxDeviceMonitor@0x5b3fa3d66840> Device list changed - message device-added - device <pulsedevice10>
15:04:20.894821 147257 0x5b3fa3d56f40 DEBUG     pmx_device_debug pmxdevicectx.c:127:pmx_device_ctx_is_device_system_default:(NULL) GOT PROPS! pulse-proplist, alsa.card=(string)3, alsa.card_name=(string)sof-hda-dsp, alsa.class=(string)generic, alsa.components=(string)"HDA:8086281c\,80860101\,00100000\ HDA:10ec0287\,17aa22f9\,00100002\ cfg-dmics:2", alsa.device=(string)4, alsa.driver_name=(string)snd_soc_skl_hda_dsp, alsa.id=(string)sofhdadsp, alsa.long_card_name=(string)LENOVO-21DECTO1WW-ThinkPadX1ExtremeGen5, alsa.mixer_device=(string)_ucm0003.hw:sofhdadsp, alsa.mixer_name=(string)"Realtek\ ALC287", alsa.name=(string)"", alsa.resolution_bits=(string)16, alsa.subclass=(string)generic-mix, alsa.subdevice=(string)0, alsa.subdevice_name=(string)"subdevice\ \#0", api.alsa.card.longname=(string)LENOVO-21DECTO1WW-ThinkPadX1ExtremeGen5, api.alsa.card.name=(string)sof-hda-dsp, api.alsa.open.ucm=(string)true, api.alsa.path=(string)"hw:sofhdadsp\,4", api.alsa.pcm.card=(string)3, api.alsa.pcm.stream=(string)playback, audio.channels=(string)2, audio.position=(string)"FL\,FR", card.profile.device=(string)1, device.api=(string)alsa, device.class=(string)sound, device.id=(string)81, device.profile.description=(string)"HDMI\ /\ DisplayPort\ 2\ Output", device.profile.name=(string)"HiFi:\ hw:sofhdadsp\,4:\ sink", device.routes=(string)1, factory.name=(string)api.alsa.pcm.sink, media.class=(string)Audio/Sink, device.description=(string)"Alder\ Lake\ PCH-P\ High\ Definition\ Audio\ Controller", node.name=(string)alsa_output.pci-0000_00_1f.3-platform-skl_hda_dsp_generic.HiFi__hw_sofhdadsp_4__sink, node.nick=(string)"HDMI\ /\ DisplayPort\ 2\ Output", node.pause-on-idle=(string)false, object.path=(string)"alsa:pcm:3:hw:sofhdadsp\,4:playback", priority.driver=(string)680, priority.session=(string)680, factory.id=(string)18, clock.quantum-limit=(string)8192, client.id=(string)34, node.driver=(string)true, factory.mode=(string)merge, audio.adapt.follower=(string)"", library.name=(string)audioconvert/libspa-audioconvert, object.id=(string)86, object.serial=(string)86, api.acp.auto-port=(string)false, api.acp.auto-profile=(string)false, api.alsa.card=(string)3, api.alsa.use-acp=(string)true, api.dbus.ReserveDevice1=(string)Audio3, device.bus=(string)pci, device.bus_path=(string)pci-0000:00:1f.3-platform-skl_hda_dsp_generic, device.enum.api=(string)udev, device.icon_name=(string)audio-card-analog-pci, device.name=(string)alsa_card.pci-0000_00_1f.3-platform-skl_hda_dsp_generic, device.nick=(string)sof-hda-dsp, device.plugged.usec=(string)11083228, device.product.id=(string)0x51c8, device.product.name=(string)"Alder\ Lake\ PCH-P\ High\ Definition\ Audio\ Controller", device.subsystem=(string)sound, sysfs.path=(string)/devices/pci0000:00/0000:00:1f.3/skl_hda_dsp_generic/sound/card3, device.vendor.id=(string)0x8086, device.vendor.name=(string)"Intel\ Corporation", device.string=(string)3, is-default=(boolean)false;
15:04:20.894847 147257 0x5b3fa3d56f40 DEBUG pmx_device_monitor_debug pmxdevicemonitor.c:246:pmx_device_monitor_on_device_list_changed_unlocked:<PmxDeviceMonitor@0x5b3fa3d66840> Audio Device list changed!
15:04:20.894853 147257 0x5b3fa3d56f40 INFO pmx_device_monitor_debug pmxdevicemonitor.c:202:pmx_device_monitor_on_device_list_changed_unlocked:<PmxDeviceMonitor@0x5b3fa3d66840> Device list changed - message device-added - device <pulsedevice11>
15:04:20.894869 147257 0x5b3fa3d56f40 DEBUG     pmx_device_debug pmxdevicectx.c:127:pmx_device_ctx_is_device_system_default:(NULL) GOT PROPS! pulse-proplist, alsa.card=(string)3, alsa.card_name=(string)sof-hda-dsp, alsa.class=(string)generic, alsa.components=(string)"HDA:8086281c\,80860101\,00100000\ HDA:10ec0287\,17aa22f9\,00100002\ cfg-dmics:2", alsa.device=(string)3, alsa.driver_name=(string)snd_soc_skl_hda_dsp, alsa.id=(string)sofhdadsp, alsa.long_card_name=(string)LENOVO-21DECTO1WW-ThinkPadX1ExtremeGen5, alsa.mixer_device=(string)_ucm0003.hw:sofhdadsp, alsa.mixer_name=(string)"Realtek\ ALC287", alsa.name=(string)"", alsa.resolution_bits=(string)16, alsa.subclass=(string)generic-mix, alsa.subdevice=(string)0, alsa.subdevice_name=(string)"subdevice\ \#0", api.alsa.card.longname=(string)LENOVO-21DECTO1WW-ThinkPadX1ExtremeGen5, api.alsa.card.name=(string)sof-hda-dsp, api.alsa.open.ucm=(string)true, api.alsa.path=(string)"hw:sofhdadsp\,3", api.alsa.pcm.card=(string)3, api.alsa.pcm.stream=(string)playback, audio.channels=(string)2, audio.position=(string)"FL\,FR", card.profile.device=(string)2, device.api=(string)alsa, device.class=(string)sound, device.id=(string)81, device.profile.description=(string)"HDMI\ /\ DisplayPort\ 1\ Output", device.profile.name=(string)"HiFi:\ hw:sofhdadsp\,3:\ sink", device.routes=(string)1, factory.name=(string)api.alsa.pcm.sink, media.class=(string)Audio/Sink, device.description=(string)"Alder\ Lake\ PCH-P\ High\ Definition\ Audio\ Controller", node.name=(string)alsa_output.pci-0000_00_1f.3-platform-skl_hda_dsp_generic.HiFi__hw_sofhdadsp_3__sink, node.nick=(string)"HDMI\ /\ DisplayPort\ 1\ Output", node.pause-on-idle=(string)false, object.path=(string)"alsa:pcm:3:hw:sofhdadsp\,3:playback", priority.driver=(string)696, priority.session=(string)696, factory.id=(string)18, clock.quantum-limit=(string)8192, client.id=(string)34, node.driver=(string)true, factory.mode=(string)merge, audio.adapt.follower=(string)"", library.name=(string)audioconvert/libspa-audioconvert, object.id=(string)87, object.serial=(string)87, api.acp.auto-port=(string)false, api.acp.auto-profile=(string)false, api.alsa.card=(string)3, api.alsa.use-acp=(string)true, api.dbus.ReserveDevice1=(string)Audio3, device.bus=(string)pci, device.bus_path=(string)pci-0000:00:1f.3-platform-skl_hda_dsp_generic, device.enum.api=(string)udev, device.icon_name=(string)audio-card-analog-pci, device.name=(string)alsa_card.pci-0000_00_1f.3-platform-skl_hda_dsp_generic, device.nick=(string)sof-hda-dsp, device.plugged.usec=(string)11083228, device.product.id=(string)0x51c8, device.product.name=(string)"Alder\ Lake\ PCH-P\ High\ Definition\ Audio\ Controller", device.subsystem=(string)sound, sysfs.path=(string)/devices/pci0000:00/0000:00:1f.3/skl_hda_dsp_generic/sound/card3, device.vendor.id=(string)0x8086, device.vendor.name=(string)"Intel\ Corporation", device.string=(string)3, is-default=(boolean)false;
15:04:20.894894 147257 0x5b3fa3d56f40 DEBUG pmx_device_monitor_debug pmxdevicemonitor.c:246:pmx_device_monitor_on_device_list_changed_unlocked:<PmxDeviceMonitor@0x5b3fa3d66840> Audio Device list changed!
15:04:20.894900 147257 0x5b3fa3d56f40 INFO pmx_device_monitor_debug pmxdevicemonitor.c:202:pmx_device_monitor_on_device_list_changed_unlocked:<PmxDeviceMonitor@0x5b3fa3d66840> Device list changed - message device-added - device <pulsedevice12>
15:04:20.894916 147257 0x5b3fa3d56f40 DEBUG     pmx_device_debug pmxdevicectx.c:127:pmx_device_ctx_is_device_system_default:(NULL) GOT PROPS! pulse-proplist, alsa.card=(string)3, alsa.card_name=(string)sof-hda-dsp, alsa.class=(string)generic, alsa.components=(string)"HDA:8086281c\,80860101\,00100000\ HDA:10ec0287\,17aa22f9\,00100002\ cfg-dmics:2", alsa.device=(string)0, alsa.driver_name=(string)snd_soc_skl_hda_dsp, alsa.id=(string)sofhdadsp, alsa.long_card_name=(string)LENOVO-21DECTO1WW-ThinkPadX1ExtremeGen5, alsa.mixer_device=(string)_ucm0003.hw:sofhdadsp, alsa.mixer_name=(string)"Realtek\ ALC287", alsa.name=(string)"", alsa.resolution_bits=(string)16, alsa.subclass=(string)generic-mix, alsa.subdevice=(string)0, alsa.subdevice_name=(string)"subdevice\ \#0", api.alsa.card.longname=(string)LENOVO-21DECTO1WW-ThinkPadX1ExtremeGen5, api.alsa.card.name=(string)sof-hda-dsp, api.alsa.open.ucm=(string)true, api.alsa.path=(string)hw:sofhdadsp, api.alsa.pcm.card=(string)3, api.alsa.pcm.stream=(string)playback, audio.channels=(string)2, audio.position=(string)"FL\,FR", card.profile.device=(string)3, device.api=(string)alsa, device.class=(string)sound, device.id=(string)81, device.profile.description=(string)"Speaker\ +\ Headphones", device.profile.name=(string)"HiFi:\ hw:sofhdadsp:\ sink", device.routes=(string)2, factory.name=(string)api.alsa.pcm.sink, media.class=(string)Audio/Sink, device.description=(string)"Alder\ Lake\ PCH-P\ High\ Definition\ Audio\ Controller", node.name=(string)alsa_output.pci-0000_00_1f.3-platform-skl_hda_dsp_generic.HiFi__hw_sofhdadsp__sink, node.nick=(string)"Speaker\ +\ Headphones", node.pause-on-idle=(string)false, object.path=(string)alsa:pcm:3:hw:sofhdadsp:playback, priority.driver=(string)1000, priority.session=(string)1000, factory.id=(string)18, clock.quantum-limit=(string)8192, client.id=(string)34, node.driver=(string)true, factory.mode=(string)merge, audio.adapt.follower=(string)"", library.name=(string)audioconvert/libspa-audioconvert, object.id=(string)88, object.serial=(string)88, api.acp.auto-port=(string)false, api.acp.auto-profile=(string)false, api.alsa.card=(string)3, api.alsa.use-acp=(string)true, api.dbus.ReserveDevice1=(string)Audio3, device.bus=(string)pci, device.bus_path=(string)pci-0000:00:1f.3-platform-skl_hda_dsp_generic, device.enum.api=(string)udev, device.icon_name=(string)audio-card-analog-pci, device.name=(string)alsa_card.pci-0000_00_1f.3-platform-skl_hda_dsp_generic, device.nick=(string)sof-hda-dsp, device.plugged.usec=(string)11083228, device.product.id=(string)0x51c8, device.product.name=(string)"Alder\ Lake\ PCH-P\ High\ Definition\ Audio\ Controller", device.subsystem=(string)sound, sysfs.path=(string)/devices/pci0000:00/0000:00:1f.3/skl_hda_dsp_generic/sound/card3, device.vendor.id=(string)0x8086, device.vendor.name=(string)"Intel\ Corporation", device.string=(string)3, is-default=(boolean)true;
15:04:20.894949 147257 0x5b3fa3d56f40 INFO pmx_device_monitor_debug pmxdevicemonitor.c:202:pmx_device_monitor_on_device_list_changed_unlocked:<PmxDeviceMonitor@0x5b3fa3d66840> Device list changed - message device-added - device <pulsedevice13>
15:04:20.894966 147257 0x5b3fa3d56f40 DEBUG     pmx_device_debug pmxdevicectx.c:127:pmx_device_ctx_is_device_system_default:(NULL) GOT PROPS! pulse-proplist, alsa.card=(string)2, alsa.card_name=(string)"ThinkPad\ Thunderbolt\ 3\ Dock\ USB", alsa.class=(string)generic, alsa.components=(string)USB17ef:30cf, alsa.device=(string)0, alsa.driver_name=(string)snd_usb_audio, alsa.id=(string)USB, alsa.long_card_name=(string)"Lenovo\ ThinkPad\ Thunderbolt\ 3\ Dock\ USB\ at\ usb-0000:25:00.0-2.1.1.2\,\ full\ speed", alsa.mixer_name=(string)"USB\ Mixer", alsa.name=(string)"USB\ Audio", alsa.resolution_bits=(string)16, alsa.subclass=(string)generic-mix, alsa.subdevice=(string)0, alsa.subdevice_name=(string)"subdevice\ \#0", api.alsa.card.longname=(string)"Lenovo\ ThinkPad\ Thunderbolt\ 3\ Dock\ USB\ at\ usb-0000:25:00.0-2.1.1.2\,\ full\ speed", api.alsa.card.name=(string)"ThinkPad\ Thunderbolt\ 3\ Dock\ USB", api.alsa.path=(string)front:2, api.alsa.pcm.card=(string)2, api.alsa.pcm.stream=(string)playback, audio.channels=(string)2, audio.position=(string)"FL\,FR", card.profile.device=(string)3, device.api=(string)alsa, device.class=(string)sound, device.id=(string)83, device.profile.description=(string)"Analog\ Stereo", device.profile.name=(string)analog-stereo, device.routes=(string)1, factory.name=(string)api.alsa.pcm.sink, media.class=(string)Audio/Sink, device.description=(string)"ThinkPad\ Thunderbolt\ 3\ Dock\ USB\ Audio", node.name=(string)alsa_output.usb-Lenovo_ThinkPad_Thunderbolt_3_Dock_USB_Audio_000000000000-00.analog-stereo, node.nick=(string)"ThinkPad\ Thunderbolt\ 3\ Dock\ USB", node.pause-on-idle=(string)false, object.path=(string)alsa:pcm:2:front:2:playback, priority.driver=(string)1009, priority.session=(string)1009, factory.id=(string)18, clock.quantum-limit=(string)8192, client.id=(string)34, node.driver=(string)true, factory.mode=(string)merge, audio.adapt.follower=(string)"", library.name=(string)audioconvert/libspa-audioconvert, object.id=(string)32, object.serial=(string)91, api.acp.auto-port=(string)false, api.acp.auto-profile=(string)false, api.alsa.card=(string)2, api.alsa.use-acp=(string)true, api.dbus.ReserveDevice1=(string)Audio2, device.bus=(string)usb, device.bus-id=(string)usb-Lenovo_ThinkPad_Thunderbolt_3_Dock_USB_Audio_000000000000-00, device.bus_path=(string)pci-0000:25:00.0-usb-0:2.1.1.2:1.0, device.enum.api=(string)udev, device.icon_name=(string)audio-card-analog-usb, device.name=(string)alsa_card.usb-Lenovo_ThinkPad_Thunderbolt_3_Dock_USB_Audio_000000000000-00, device.nick=(string)"ThinkPad\ Thunderbolt\ 3\ Dock\ USB", device.plugged.usec=(string)9459903, device.product.id=(string)0x30cf, device.product.name=(string)"ThinkPad\ Thunderbolt\ 3\ Dock\ USB\ Audio", device.serial=(string)Lenovo_ThinkPad_Thunderbolt_3_Dock_USB_Audio_000000000000, device.subsystem=(string)sound, sysfs.path=(string)/devices/pci0000:00/0000:00:1d.0/0000:20:00.0/0000:21:01.0/0000:23:00.0/0000:24:02.0/0000:25:00.0/usb3/3-2/3-2.1/3-2.1.1/3-2.1.1.2/3-2.1.1.2:1.0/sound/card2, device.vendor.id=(string)0x17ef, device.vendor.name=(string)Lenovo, device.string=(string)2, is-default=(boolean)false;
15:04:20.894994 147257 0x5b3fa3d56f40 DEBUG pmx_device_monitor_debug pmxdevicemonitor.c:246:pmx_device_monitor_on_device_list_changed_unlocked:<PmxDeviceMonitor@0x5b3fa3d66840> Audio Device list changed!
15:04:20.895838 147257 0x5b3fa3d56f40 DEBUG        pmx_bus_debug pmxbus.c:106:msg_handler_handle_message:(NULL) Trigger callback for SrcName(fakesink0) on latency change
15:04:20.895853 147257 0x5b3fa3d56f40 DEBUG   pmx_pipeline_debug pmxpipeline.c:116:_on_latency_change:<pmxpipeline> latency changed in fakesink0
15:04:20.896456 147257 0x5b3fa3c689f0 INFO pmx_participant_debug pmxparticipant.c:368:pmx_participant_create_data_session:(NULL) ParticipantID(0) Create DataSession ID(26)
15:04:20.896472 147257 0x5b3fa3c689f0 DEBUG            pmx_debug pmxbasesession.c:126:pmx_base_session_init:<PmxDataSession@0x5b3fa3da7620> Init BaseSession Pipeline(0x5b3fa3d56d10) ParticipantID(0) SessionID(26)
15:04:20.896478 147257 0x5b3fa3c689f0 INFO pmx_data_session_debug pmxdatasession.c:128:pmx_data_session_new:<PmxDataSession@0x5b3fa3da7620> New DataSession ID(26) ParticipantID(0)
15:04:20.896498 147257 0x5b3fa3c689f0 INFO pmx_data_session_debug pmxdatasession.c:28:pmx_data_session_add_input:<PmxDataSession@0x5b3fa3da7620> DataSessionID(26) Add input InputID(1) Caps(video/x-raw, media=(string)video, format=(string)RGB, width=(int)128, height=(int)96, framerate=(fraction)30/1)
15:04:20.897205 147257 0x5b3fa3d56f40 DEBUG        pmx_bus_debug pmxbus.c:106:msg_handler_handle_message:(NULL) Trigger callback for SrcName(fakesink1) on latency change
15:04:20.897221 147257 0x5b3fa3d56f40 DEBUG   pmx_pipeline_debug pmxpipeline.c:116:_on_latency_change:<pmxpipeline> latency changed in fakesink1
15:04:20.897858 147257 0x5b3fa3c689f0 INFO pmx_data_session_debug pmxdatasession.c:28:pmx_data_session_add_input:<PmxDataSession@0x5b3fa3da7620> DataSessionID(26) Add input InputID(2) Caps(audio/x-raw, format=(string)F32LE, rate=(int)48000, channels=(int)1, layout=(string)interleaved)
15:04:20.898517 147257 0x5b3fa3c689f0 INFO pmx_participant_debug pmxparticipant.c:345:pmx_participant_create_rtp_session:(NULL) ParticipantID(0) Create SessionID(27)
15:04:20.898540 147257 0x5b3fa3c689f0 DEBUG pmx_sessionbwman_debug pmxsessionbwman.c:168:pmx_session_bw_man_new_full:(NULL) New SessionBWMan@0x5b3fa3de9f40 SessionID(27)
15:04:20.898560 147257 0x5b3fa3c689f0 INFO pmx_sessionbwman_debug pmxsessionbwman.c:320:pmx_session_bw_man_set_participant_max_tx_kbps:(NULL) SessionID(27) Set Participant MaxTxKbps(4096)
15:04:20.898565 147257 0x5b3fa3c689f0 INFO pmx_sessionbwman_debug pmxsessionbwman.c:299:pmx_session_bw_man_set_max_tx_kbps:(NULL) SessionID(27) Set MaxTxKbps(4096)
15:04:20.898573 147257 0x5b3fa3c689f0 DEBUG            pmx_debug pmxbasesession.c:126:pmx_base_session_init:<PmxRtpSession@0x5b3fa3de9550> Init BaseSession Pipeline(0x5b3fa3d56d10) ParticipantID(0) SessionID(27)
15:04:20.898581 147257 0x5b3fa3c689f0 INFO pmx_rtp_session_debug pmxrtpsession.c:1535:pmx_rtp_session_new:<PmxRtpSession@0x5b3fa3de9550> New SessionID(27) ParticipantID(0) BWMan(0x5b3fa3de9f40) StatsMan(0x5b3fa3d65040)
15:04:20.898585 147257 0x5b3fa3c689f0 DEBUG       pmx_papa_debug pmxpapa.c:882:pmx_papa_new:(NULL) Papa(0x5b3fa3deb160:0) New PmxPapa
15:04:20.898593 147257 0x5b3fa3c689f0 DEBUG           pexpapabin pexpapabin.c:357:pex_papa_bin_request_new_pad:<pexpapabin0> Trying to request a pad with name send_sink_0_27
15:04:20.898598 147257 0x5b3fa3c689f0 INFO           pexpapabin pexpapabin.c:260:pex_papa_bin_create_recv_pad:<pexpapabin0> create pad send_sink_0_27
15:04:20.898659 147257 0x5b3fa3c689f0 DEBUG           pexpapapad pexpapapad.c:573:pex_papa_pad_new:<'':send_sink_0_27> created PapaPad with participant_id = 0 and session_id = 27
15:04:20.898665 147257 0x5b3fa3c689f0 DEBUG           pexpapabin papaparticipant.c:225:papa_participant_new:<pexpapabin0> Creating participant 0
15:04:20.899144 147257 0x5b3fa3c689f0 DEBUG           pexpapabin papasession.c:1623:papa_session_create_internal_rtp_recv:<pexpapabin0> Set rtp storage memory to 400 ms
15:04:20.899693 147257 0x5b3fa3c689f0 DEBUG           pexpapabin papaparticipant.c:97:papa_participant_request_sender:<pexpapabin0> Request sender for session 27
15:04:20.900118 147257 0x5b3fa3c689f0 INFO           pexpapabin papaparticipant.c:129:papa_participant_pad_added:<pexpapabin0> got pad rtpbin_0:send_rtp_src_27 from rtpbin (0x5b3fa3ded9f0)
15:04:20.900133 147257 0x5b3fa3c689f0 INFO           pexpapabin papaparticipant.c:129:papa_participant_pad_added:<pexpapabin0> got pad rtpbin_0:send_rtp_sink_27 from rtpbin (0x5b3fa3ded9f0)
15:04:20.900652 147257 0x5b3fa3c689f0 INFO           pexpapabin papaparticipant.c:129:papa_participant_pad_added:<pexpapabin0> got pad rtpbin_0:send_rtcp_src_27 from rtpbin (0x5b3fa3ded9f0)
15:04:20.900809 147257 0x5b3fa3c689f0 DEBUG           pexpapabin papaparticipant.c:82:papa_participant_request_receiver:<pexpapabin0> Request receiver for session 27
15:04:20.900877 147257 0x5b3fa3c689f0 INFO           pexpapabin papaparticipant.c:129:papa_participant_pad_added:<pexpapabin0> got pad rtpbin_0:recv_rtp_sink_27 from rtpbin (0x5b3fa3ded9f0)
15:04:20.900963 147257 0x5b3fa3c689f0 INFO           pexpapabin papaparticipant.c:129:papa_participant_pad_added:<pexpapabin0> got pad rtpbin_0:recv_rtcp_sink_27 from rtpbin (0x5b3fa3ded9f0)
15:04:20.901455 147257 0x5b3fa3c689f0 DEBUG           pexpapabin papaparticipant.c:335:papa_participant_create_session:<pexpapabin0> created a session for participant: 0 with session id: 27
15:04:20.901686 147257 0x5b3fa3c689f0 DEBUG           pexpapabin pexpapabin.c:373:pex_papa_bin_request_new_pad:<pexpapabin0> Requested pad pexpapabin0:send_sink_0_27, 0x5b3fa3dec210
15:04:20.901822 147257 0x5b3fa3c689f0 DEBUG       pmx_papa_debug pmxpapa.c:257:_output_config_event:(NULL) Papa(0x5b3fa3deb160:27) GstEvent(PapaSessionConfig, rtcp-interval=(guint64)200000000;)
15:04:20.901832 147257 0x5b3fa3c689f0 INFO           pexpapabin pexpapabin.c:209:pex_papa_bin_event_sink:<pexpapabin0> Received event 0x5b3fa3e6f250 (PapaSessionConfig) on pad pexpapabin0:send_sink_0_27
15:04:20.901840 147257 0x5b3fa3c689f0 INFO           pexpapabin pexpapabin.c:215:pex_papa_bin_event_sink:<pexpapabin0> PapaSessionConfig: PapaSessionConfig, rtcp-interval=(guint64)200000000;
15:04:20.901851 147257 0x5b3fa3c689f0 DEBUG       pmx_papa_debug pmxpapa.c:257:_output_config_event:(NULL) Papa(0x5b3fa3deb160:27) GstEvent(PapaSessionConfig, transport-stats-notify-interval=(uint)200;)
15:04:20.901856 147257 0x5b3fa3c689f0 INFO           pexpapabin pexpapabin.c:209:pex_papa_bin_event_sink:<pexpapabin0> Received event 0x5b3fa3e6f2c0 (PapaSessionConfig) on pad pexpapabin0:send_sink_0_27
15:04:20.901861 147257 0x5b3fa3c689f0 INFO           pexpapabin pexpapabin.c:215:pex_papa_bin_event_sink:<pexpapabin0> PapaSessionConfig: PapaSessionConfig, transport-stats-notify-interval=(uint)200;
15:04:20.901872 147257 0x5b3fa3c689f0 INFO pmx_rtp_session_debug pmxrtpsession.c:1137:pmx_rtp_session_set_jb_latency:<PmxRtpSession@0x5b3fa3de9550> SessionID(27) Set JitterBuffer latency(1 ms)
15:04:20.901880 147257 0x5b3fa3c689f0 DEBUG           pexpapabin papasession.c:3571:papa_session_latency_changed:<pexpapabin0> Change rtp storage memory to 2 ms
15:04:20.901897 147257 0x5b3fa3d56f40 INFO pmx_sessionbwman_debug pmxsessionbwman.c:422:_notify_new_bitrate_async:(NULL) About to notify new bitrate: 4096000
15:04:20.901897 147257 0x5b3fa3c689f0 DEBUG           pulse_curl pulse_curl.c:114:_pulse_curl_global_init:(NULL) In curl global initializer
15:04:20.901984 147257 0x5b3fa3c689f0 DEBUG           pulse_curl pulse_curl.c:368:_pulse_curl_multi_handle_thread_init:(NULL) Curl multi handle thread initializing...
15:04:20.902037 147257 0x5b3fa3e73060 INFO           pulse_curl pulse_curl.c:303:_pulse_curl_multi_handle_thread:(NULL) Curl multi handle thread running.
15:04:20.902068 147257 0x5b3fa3c689f0 INFO pulse_network_monitor pulse_network_monitor.c:460:pulse_network_monitor_init:(NULL) [cid:1] Starting pulse_network_monitor
15:04:20.904692 147257 0x5b3fa3e8e660 DEBUG        pulse_reactor pulse_reactor.c:63:_pulse_reactor_thread:(NULL) [cid:1 rid:4] p-netmon-reactor reactor starting
15:04:20.905732 147257 0x5b3fa3c689f0 INFO pulse_network_monitor pulse_network_monitor.c:507:pulse_network_monitor_init:(NULL) [cid:1] Started pulse_network_monitor
15:04:20.905782 147257 0x5b3fa3c689f0 DEBUG                pulse pulse.c:941:pulse_init:(NULL) Init Pulse@0x5b3fa394a7e0
15:04:20.905793 147257 0x5b3fa3c689f0 DEBUG                pulse pulse.c:189:pulse_new_external_rest:(NULL) [cid:1] New Pulse@0x5b3fa394a7e0 with external REST handling
15:04:20.905818 147257 0x5b3fa3c689f0 INFO pmx_rtp_session_debug pmxrtpsession.c:610:pmx_rtp_session_set_app_transport:(NULL) SessionID(27) Set app transport (cb=(nil))
15:04:20.905822 147257 0x5b3fa3c689f0 INFO pmx_rtp_session_debug pmxrtpsession.c:610:pmx_rtp_session_set_app_transport:(NULL) SessionID(27) Set app transport (cb=0x7fc91f707810)
15:04:20.905830 147257 0x5b3fa3c689f0 DEBUG       pmx_papa_debug pmxpapa.c:1402:pmx_papa_set_app_transport:(NULL) Papa(0x5b3fa3deb160:27) AppTransportConfig(app-transport, enabled=(boolean)true;)
15:04:20.905836 147257 0x5b3fa3c689f0 DEBUG       pmx_papa_debug pmxpapa.c:257:_output_config_event:(NULL) Papa(0x5b3fa3deb160:27) GstEvent(PapaSessionConfig, app-transport=(structure)"app-transport\,\ enabled\=\(boolean\)true\;";)
15:04:20.905844 147257 0x5b3fa3c689f0 INFO           pexpapabin pexpapabin.c:209:pex_papa_bin_event_sink:<pexpapabin0> Received event 0x5b3fa3e8f510 (PapaSessionConfig) on pad pexpapabin0:send_sink_0_27
15:04:20.905853 147257 0x5b3fa3c689f0 INFO           pexpapabin pexpapabin.c:215:pex_papa_bin_event_sink:<pexpapabin0> PapaSessionConfig: PapaSessionConfig, app-transport=(structure)"app-transport\,\ enabled\=\(boolean\)true\;";
15:04:20.906038 147257 0x5b3fa3c689f0 DEBUG           pexpapabin papasession.c:2840:papa_session_transport_send_rtp_setup:<pexpapabin0:send_sink_0_27> Setting up RTP Send
15:04:20.906068 147257 0x5b3fa3c689f0 DEBUG           pexpapapad pexpapapad.c:218:pex_papa_pad_event_probe:<pexpapabin0:send_sink_0_27> reconfigure event: 0x5b3fa3e92a30, time 99:99:99.999999999, seq-num 779, (NULL)
15:04:20.906081 147257 0x5b3fa3d56f40 DEBUG        pmx_bus_debug pmxbus.c:106:msg_handler_handle_message:(NULL) Trigger callback for SrcName(appsink0) on latency change
15:04:20.906094 147257 0x5b3fa3c689f0 DEBUG           pexpapapad pexpapapad.c:218:pex_papa_pad_event_probe:<pexpapabin0:send_sink_0_27> reconfigure event: 0x5b3fa3e92a30, time 99:99:99.999999999, seq-num 781, (NULL)
15:04:20.906095 147257 0x5b3fa3d56f40 DEBUG   pmx_pipeline_debug pmxpipeline.c:116:_on_latency_change:<pmxpipeline> latency changed in appsink0
15:04:20.906114 147257 0x5b3fa3c689f0 DEBUG           pexpapapad pexpapapad.c:218:pex_papa_pad_event_probe:<pexpapabin0:send_sink_0_27> reconfigure event: 0x5b3fa3e92a30, time 99:99:99.999999999, seq-num 783, (NULL)
15:04:20.906132 147257 0x5b3fa3c689f0 DEBUG           pexpapapad pexpapapad.c:218:pex_papa_pad_event_probe:<pexpapabin0:send_sink_0_27> reconfigure event: 0x5b3fa3e92a30, time 99:99:99.999999999, seq-num 784, (NULL)
15:04:20.906144 147257 0x5b3fa3c689f0 DEBUG           pexpapabin papasession.c:2921:papa_session_transport_send_rtcp_setup:<pexpapabin0:send_sink_0_27> Setting up RTCP Send
15:04:20.906159 147257 0x5b3fa3c689f0 DEBUG           pexpapabin papasession.c:2632:papa_session_transport_recv_rtp_setup:<pexpapabin0:send_sink_0_27> Setting up RTP Receive
15:04:20.906165 147257 0x5b3fa3c689f0 DEBUG           pexpapabin papasession.c:2606:papa_session_link_recv_rtp_to_rtpbin:<pexpapabin0:send_sink_0_27> Linking RTP to rtpbin
15:04:20.906172 147257 0x5b3fa3d56f40 DEBUG           pexpapapad pexpapapad.c:218:pex_papa_pad_event_probe:<pexpapabin0:send_sink_0_27> latency event: 0x7fc8f0006190, time 99:99:99.999999999, seq-num 787, GstEventLatency, latency=(guint64)0;
15:04:20.906191 147257 0x5b3fa3c689f0 DEBUG           pexpapabin papasession.c:2734:papa_session_transport_recv_rtcp_setup:<pexpapabin0:send_sink_0_27> Setting up RTCP Receive
15:04:20.906195 147257 0x5b3fa3c689f0 DEBUG           pexpapabin papasession.c:2707:papa_session_link_recv_rtcp_to_rtpbin:<pexpapabin0:send_sink_0_27> Linking RTCP to rtpbin
15:04:20.906215 147257 0x5b3fa3c689f0 INFO        pulse_options pulse_options.c:399:pulse_options_set_conference_state_callback:(NULL) [cid:1]
15:04:20.906220 147257 0x5b3fa3c689f0 INFO        pulse_options pulse_options.c:1291:pulse_options_set_application_user_agent_string:(NULL) [cid:1] user_agent_string: doppler-sip/0.1
15:04:20.906224 147257 0x5b3fa3c689f0 INFO        pulse_options pulse_options.c:1035:_set_self_view_window_handle:(NULL) Set self-view video window handle to: (nil)
15:04:20.906621 147257 0x5b3fa3c689f0 INFO pmx_device_session_debug pmxdevicesession.c:127:pmx_device_session_add_video_output:<PmxDeviceSession@0x5b3fa3d9b1a0> SessionID(9) Add video OuputID(3)
15:04:20.906629 147257 0x5b3fa3c689f0 INFO pmx_device_session_debug pmxdevicesession.c:696:pmx_device_session_set_output_sync:<PmxDeviceSession@0x5b3fa3d9b1a0> SessionID(9) Setting output sync: 0
15:04:20.906636 147257 0x5b3fa3c689f0 INFO pmx_device_session_debug pmxdevicesession.c:459:pmx_device_session_set_window_handle:<PmxDeviceSession@0x5b3fa3d9b1a0> SessionID(9) Setting window handle (0 to output OutputID(3)
15:04:20.907314 147257 0x5b3fa3c689f0 INFO        pulse_options pulse_options.c:1063:_set_remote_video_window_handle:(NULL) Set remote video window handle to: (nil)
15:04:20.907453 147257 0x5b3fa3c689f0 INFO pmx_device_session_debug pmxdevicesession.c:127:pmx_device_session_add_video_output:<PmxDeviceSession@0x5b3fa3d8de10> SessionID(3) Add video OuputID(4)
15:04:20.907460 147257 0x5b3fa3c689f0 INFO pmx_device_session_debug pmxdevicesession.c:459:pmx_device_session_set_window_handle:<PmxDeviceSession@0x5b3fa3d8de10> SessionID(3) Setting window handle (0 to output OutputID(4)
15:04:20.907589 147257 0x5b3fa3e8e660 DEBUG pulse_network_monitor pulse_network_monitor.c:285:_pulse_network_monitor_update_state:(NULL) Network state: Network available:true connectivity:FULL metered:false dns:up routing:up Local IPv4 {address:10.47.104.51 is_link_local:false is_site_local:true} Local IPv6 {unconfigured}
15:04:20.907612 147257 0x5b3fa3e8e660 DEBUG      pulse_callbacks pulse_callbacks.c:1087:pulse_callback_network_status:(NULL) [cid:1 sid:-1] Skipping network status, no callback function registered.
15:04:20.907747 147257 0x5b3fa3c689f0 INFO        pulse_options pulse_options.c:1091:_set_presentation_video_window_handle:(NULL) Set presentation video window handle to: (nil)
15:04:20.907857 147257 0x5b3fa3c689f0 INFO pmx_device_session_debug pmxdevicesession.c:127:pmx_device_session_add_video_output:<PmxDeviceSession@0x5b3fa3d9a340> SessionID(6) Add video OuputID(5)
15:04:20.907863 147257 0x5b3fa3c689f0 INFO pmx_device_session_debug pmxdevicesession.c:459:pmx_device_session_set_window_handle:<PmxDeviceSession@0x5b3fa3d9a340> SessionID(6) Setting window handle (0 to output OutputID(5)
15:04:20.908137 147257 0x5b3fa3c689f0 INFO pulse_device_session pulse_device_session.c:106:pulse_device_session_connect_system_default:(NULL) [cid:1] media_content: 0, media_type: 1, media_direction: 0
15:04:20.908145 147257 0x5b3fa3c689f0 INFO pulse_device_session pulse_device_session.c:129:pulse_device_session_connect_system_default:(NULL) Connecting video-system-default INPUT for MAIN
15:04:20.908150 147257 0x5b3fa3c689f0 DEBUG                pulse pulse.c:4665:pulse_set_rtp_activity_monitor_paused:(NULL) [cid:1] Setting rtp activity monitor: paused
15:04:20.908158 147257 0x5b3fa3c689f0 INFO     pmx_device_debug pmxdevicectx.c:518:pmx_device_ctx_new:<PmxDeviceCtx@0x5b3fa3ed93f0> New PmxDeviceCtx (0x5b3fa3ed93f0)
15:04:20.908194 147257 0x5b3fa3c689f0 INFO pmx_device_monitor_debug pmxdevicemonitor.c:166:pmx_device_monitor_enum_gst_devices:(NULL) Found <v4l2device0> 0x7fc8d80222b0 Integrated Camera: Integrated C (class:Video/Source)
15:04:20.908210 147257 0x5b3fa3c689f0 INFO pmx_device_monitor_debug pmxdevicemonitor.c:166:pmx_device_monitor_enum_gst_devices:(NULL) Found <v4l2device1> 0x7fc8d800aa60 Integrated Camera: Integrated I (class:Video/Source)
15:04:20.908221 147257 0x5b3fa3c689f0 INFO pmx_device_monitor_debug pmxdevicemonitor.c:166:pmx_device_monitor_enum_gst_devices:(NULL) Found <v4l2device2> 0x7fc8d80338c0 Logitech BRIO (class:Video/Source)
15:04:20.908231 147257 0x5b3fa3c689f0 INFO pmx_device_monitor_debug pmxdevicemonitor.c:166:pmx_device_monitor_enum_gst_devices:(NULL) Found <v4l2device3> 0x7fc8d8038ad0 Logitech BRIO (class:Video/Source)
15:04:20.908240 147257 0x5b3fa3c689f0 INFO pmx_device_monitor_debug pmxdevicemonitor.c:166:pmx_device_monitor_enum_gst_devices:(NULL) Found <v4l2device4> 0x7fc8d8034af0 Huddly GO: Huddly GO (class:Video/Source)
15:04:20.908252 147257 0x5b3fa3c689f0 INFO     pmx_device_debug pmxdevicectx.c:160:pmx_device_ctx_enum_devices:<PmxDeviceCtx@0x5b3fa3ed93f0> Found 3 Video/Source devices
15:04:20.908266 147257 0x5b3fa3c689f0 DEBUG     pmx_device_debug pmxdevicectx.c:127:pmx_device_ctx_is_device_system_default:(NULL) GOT PROPS! v4l2deviceprovider, udev-probed=(boolean)true, device.bus_path=(string)pci-0000:25:00.0-usb-0:2.4:1.0, sysfs.path=(string)/sys/devices/pci0000:00/0000:00:1d.0/0000:20:00.0/0000:21:01.0/0000:23:00.0/0000:24:02.0/0000:25:00.0/usb4/4-2/4-2.4/4-2.4:1.0/video4linux/video11, device.bus=(string)usb, device.subsystem=(string)video4linux, device.vendor.id=(string)2bd9, device.vendor.name=(string)Huddly, device.product.id=(string)0011, device.product.name=(string)"Huddly\ GO:\ Huddly\ GO", device.serial=(string)Huddly_Huddly_GO_43L00919, device.capabilities=(string):capture:, device.api=(string)v4l2, device.path=(string)/dev/video11, v4l2.device.driver=(string)uvcvideo, v4l2.device.card=(string)"Huddly\ GO:\ Huddly\ GO", v4l2.device.bus_info=(string)usb-0000:25:00.0-2.4, v4l2.device.version=(uint)395276, v4l2.device.capabilities=(uint)2225078273, v4l2.device.device_caps=(uint)69206017;
15:04:20.908275 147257 0x5b3fa3c689f0 INFO     pmx_device_debug pmxdevicectx.c:170:pmx_device_ctx_enum_devices:<PmxDeviceCtx@0x5b3fa3ed93f0> Device 0x7fc8d8034af0, id:3346963126, name:Huddly GO: Huddly GO, is-default:0
15:04:20.908286 147257 0x5b3fa3c689f0 DEBUG     pmx_device_debug pmxdevicectx.c:127:pmx_device_ctx_is_device_system_default:(NULL) GOT PROPS! v4l2deviceprovider, udev-probed=(boolean)true, device.bus_path=(string)pci-0000:25:00.0-usb-0:2.3:1.0, sysfs.path=(string)/sys/devices/pci0000:00/0000:00:1d.0/0000:20:00.0/0000:21:01.0/0000:23:00.0/0000:24:02.0/0000:25:00.0/usb4/4-2/4-2.3/4-2.3:1.0/video4linux/video7, device.bus=(string)usb, device.subsystem=(string)video4linux, device.vendor.id=(string)046d, device.vendor.name=(string)046d, device.product.id=(string)085e, device.product.name=(string)"Logitech\ BRIO", device.serial=(string)046d_Logitech_BRIO_80D43CFB, device.capabilities=(string):capture:, device.api=(string)v4l2, device.path=(string)/dev/video7, v4l2.device.driver=(string)uvcvideo, v4l2.device.card=(string)"Logitech\ BRIO", v4l2.device.bus_info=(string)usb-0000:25:00.0-2.3, v4l2.device.version=(uint)395276, v4l2.device.capabilities=(uint)2225078273, v4l2.device.device_caps=(uint)69206017;
15:04:20.908295 147257 0x5b3fa3c689f0 INFO     pmx_device_debug pmxdevicectx.c:170:pmx_device_ctx_enum_devices:<PmxDeviceCtx@0x5b3fa3ed93f0> Device 0x7fc8d80338c0, id:3346963125, name:Logitech BRIO, is-default:0
15:04:20.908305 147257 0x5b3fa3c689f0 DEBUG     pmx_device_debug pmxdevicectx.c:127:pmx_device_ctx_is_device_system_default:(NULL) GOT PROPS! v4l2deviceprovider, udev-probed=(boolean)true, device.bus_path=(string)pci-0000:00:14.0-usb-0:8:1.0, sysfs.path=(string)/sys/devices/pci0000:00/0000:00:14.0/usb1/1-8/1-8:1.0/video4linux/video3, device.bus=(string)usb, device.subsystem=(string)video4linux, device.vendor.id=(string)04f2, device.vendor.name=(string)"Chicony\\x20Electronics\\x20Co.\\x2cLtd.", device.product.id=(string)b74f, device.product.name=(string)"Integrated\ Camera:\ Integrated\ C", device.serial=(string)Chicony_Electronics_Co._Ltd._Integrated_Camera_0001, device.capabilities=(string):capture:, device.api=(string)v4l2, device.path=(string)/dev/video3, v4l2.device.driver=(string)uvcvideo, v4l2.device.card=(string)"Integrated\ Camera:\ Integrated\ C", v4l2.device.bus_info=(string)usb-0000:00:14.0-8, v4l2.device.version=(uint)395276, v4l2.device.capabilities=(uint)2225078273, v4l2.device.device_caps=(uint)69206017;
15:04:20.908314 147257 0x5b3fa3c689f0 INFO     pmx_device_debug pmxdevicectx.c:170:pmx_device_ctx_enum_devices:<PmxDeviceCtx@0x5b3fa3ed93f0> Device 0x7fc8d80222b0, id:2823020504, name:Integrated Camera: Integrated C, is-default:0
15:04:20.908320 147257 0x5b3fa3c689f0 INFO pmx_device_session_debug pmxdevicesession.c:316:pmx_device_session_enum_input_devices:<PmxDeviceSession@0x5b3fa3d99860> SessionID(2) Enumerate input devices MediaType(video) NumDevices(3) Devices(0x5b3fa3ed9b00)
15:04:20.908329 147257 0x5b3fa3c689f0 INFO pulse_device_session pulse_device_session.c:231:pulse_device_session_connect_device:(NULL) [cid:1] device:0x5b3fa3ed9a80, media_content: 0
15:04:20.908333 147257 0x5b3fa3c689f0 DEBUG                pulse pulse.c:4665:pulse_set_rtp_activity_monitor_paused:(NULL) [cid:1] Setting rtp activity monitor: paused
15:04:20.908338 147257 0x5b3fa3c689f0 INFO pulse_device_session pulse_device_session.c:251:pulse_device_session_connect_device:(NULL) Connecting video INPUT device Huddly GO: Huddly GO for MAIN
15:04:20.908343 147257 0x5b3fa3c689f0 INFO      pulse_deviceman pulse_deviceman.c:147:pulse_device_man_acquire_device:(NULL) Acquiring device-id: 3346963126
15:04:20.908348 147257 0x5b3fa3c689f0 INFO pmx_participant_debug pmxparticipant.c:290:pmx_participant_create_device_session:(NULL) ParticipantID(0) Create video SessionID(28)
15:04:20.908353 147257 0x5b3fa3c689f0 DEBUG            pmx_debug pmxbasesession.c:126:pmx_base_session_init:<PmxDeviceSession@0x5b3fa3edae00> Init BaseSession Pipeline(0x5b3fa3d56d10) ParticipantID(0) SessionID(28)
15:04:20.908358 147257 0x5b3fa3c689f0 INFO pmx_device_session_debug pmxdevicesession.c:814:pmx_device_session_new:<PmxDeviceSession@0x5b3fa3edae00> New SessionID(28) ParticipantID(0)
15:04:20.908366 147257 0x5b3fa3c689f0 INFO pmx_device_session_debug pmxdevicesession.c:533:pmx_device_session_set_device_error_callback:<PmxDeviceSession@0x5b3fa3edae00> SessionID(28) Setting Device Error Callback (0x7fc91f7911e0) with user data (0x5b3fa3d8f130)
15:04:20.908372 147257 0x5b3fa3c689f0 INFO     pmx_device_debug pmxdevicectx.c:518:pmx_device_ctx_new:<PmxDeviceCtx@0x5b3fa3edb090> New PmxDeviceCtx (0x5b3fa3edb090)
15:04:20.909107 147257 0x5b3fa3d56f40 DEBUG        pmx_bus_debug pmxbus.c:106:msg_handler_handle_message:(NULL) Trigger callback for SrcName(fakesink2) on latency change
15:04:20.909134 147257 0x5b3fa3d56f40 DEBUG   pmx_pipeline_debug pmxpipeline.c:116:_on_latency_change:<pmxpipeline> latency changed in fakesink2
15:04:20.909181 147257 0x5b3fa3d56f40 DEBUG           pexpapapad pexpapapad.c:218:pex_papa_pad_event_probe:<pexpapabin0:send_sink_0_27> latency event: 0x7fc8f0006190, time 99:99:99.999999999, seq-num 956, GstEventLatency, latency=(guint64)0;
15:04:20.909531 147257 0x5b3fa3c689f0 INFO pmx_device_session_debug pmxdevicesession.c:372:pmx_device_session_set_input_device:<PmxDeviceSession@0x5b3fa3edae00> SessionID(28) Set input device InputID(6) DeviceID(3346963126)
15:04:20.909562 147257 0x5b3fa3c689f0 INFO pmx_device_monitor_debug pmxdevicemonitor.c:166:pmx_device_monitor_enum_gst_devices:(NULL) Found <v4l2device0> 0x7fc8d80222b0 Integrated Camera: Integrated C (class:Video/Source)
15:04:20.909575 147257 0x5b3fa3c689f0 INFO pmx_device_monitor_debug pmxdevicemonitor.c:166:pmx_device_monitor_enum_gst_devices:(NULL) Found <v4l2device1> 0x7fc8d800aa60 Integrated Camera: Integrated I (class:Video/Source)
15:04:20.909584 147257 0x5b3fa3c689f0 INFO pmx_device_monitor_debug pmxdevicemonitor.c:166:pmx_device_monitor_enum_gst_devices:(NULL) Found <v4l2device2> 0x7fc8d80338c0 Logitech BRIO (class:Video/Source)
15:04:20.909593 147257 0x5b3fa3c689f0 INFO pmx_device_monitor_debug pmxdevicemonitor.c:166:pmx_device_monitor_enum_gst_devices:(NULL) Found <v4l2device3> 0x7fc8d8038ad0 Logitech BRIO (class:Video/Source)
15:04:20.909603 147257 0x5b3fa3c689f0 INFO pmx_device_monitor_debug pmxdevicemonitor.c:166:pmx_device_monitor_enum_gst_devices:(NULL) Found <v4l2device4> 0x7fc8d8034af0 Huddly GO: Huddly GO (class:Video/Source)
15:04:20.909741 147257 0x5b3fa3c689f0 INFO  pmx_bucketman_debug pmxbucketman.c:520:pmx_bucket_man_add_from_caps:(NULL) caps: video/x-raw(memory:DMABuf), format=(string)DMA_DRM, drm-format=(string)YUYV, width=(int)1280, height=(int)720, pixel-aspect-ratio=(fraction)1/1, framerate=(fraction)30/1; image/jpeg, parsed=(boolean)true, width=(int)1280, height=(int)720, pixel-aspect-ratio=(fraction)1/1, framerate=(fraction)30/1; video/x-raw, format=(string)YUY2, width=(int)1280, height=(int)720, pixel-aspect-ratio=(fraction)1/1, framerate=(fraction)30/1
15:04:20.909755 147257 0x5b3fa3c689f0 DEBUG  pmx_bucketman_debug pmxbucketman.c:290:pmx_bucket_man_add_bucket:(NULL) Inserting bucket: 1280x720,30/1fps,1161216bps, with caps: video/x-raw, format=(string)DMA_DRM, drm-format=(string)YUYV, width=(int)1280, height=(int)720, pixel-aspect-ratio=(fraction)1/1, framerate=(fraction)30/1
15:04:20.909763 147257 0x5b3fa3c689f0 DEBUG  pmx_bucketman_debug pmxbucketman.c:290:pmx_bucket_man_add_bucket:(NULL) Inserting bucket: 1280x720,30/1fps,1161216bps, with caps: image/jpeg, parsed=(boolean)true, width=(int)1280, height=(int)720, pixel-aspect-ratio=(fraction)1/1, framerate=(fraction)30/1
15:04:20.909771 147257 0x5b3fa3c689f0 DEBUG  pmx_bucketman_debug pmxbucketman.c:290:pmx_bucket_man_add_bucket:(NULL) Inserting bucket: 1280x720,30/1fps,1161216bps, with caps: video/x-raw, format=(string)YUY2, width=(int)1280, height=(int)720, pixel-aspect-ratio=(fraction)1/1, framerate=(fraction)30/1
15:04:20.909788 147257 0x5b3fa3c689f0 INFO      pulse_deviceman pulse_deviceman.c:196:pulse_device_man_acquire_device:(NULL) Acquired device-id: 3346963126, err: Success, input_id: 6
15:04:20.909794 147257 0x5b3fa3c689f0 INFO        pulse_options pulse_options.c:1421:_set_background_blur_unlocked:(NULL) Disabling Blur on input 6.
15:04:20.909802 147257 0x5b3fa3c689f0 INFO        pulse_options pulse_options.c:1429:_set_video_scrambling_unlocked:(NULL) Disabling Scrambling on input 6.
15:04:20.909808 147257 0x5b3fa3c689f0 INFO        pulse_options pulse_options.c:1440:_set_change_finder_unlocked:(NULL) Disabling Changefinder on input 6.
15:04:20.909813 147257 0x5b3fa3c689f0 INFO            pmx_debug pmx.c:1359:pmx_root_enable_changefinder:<PmxRoot@0x5b3fa3951f20> Enable(FALSE) ChangerFinder on InputID(6)
15:04:20.909917 147257 0x5b3fa3c689f0 INFO        pulse_options pulse_options.c:1457:_set_facedetection_unlocked:(NULL) Disabling Facedetection on input 6.
15:04:20.909923 147257 0x5b3fa3c689f0 INFO            pmx_debug pmx.c:1380:pmx_root_enable_facedetection:<PmxRoot@0x5b3fa3951f20> Enable(FALSE) FaceDetection on InputID(6)
15:04:20.909930 147257 0x5b3fa3c689f0 DEBUG                pulse pulse.c:2739:pulse_add_local_input_unlocked:(NULL) [cid:1] Adding input: 6 for media_content: MAIN, media_type: VIDEO, loopback: 0 and session_type: DEVICE
15:04:20.909940 147257 0x5b3fa3c689f0 DEBUG       pmx_util_debug pmxutil.c:2424:pmx_util_get_codec_id:(NULL) No PmxOutputID matching content_type:0 media_type:2 found!
15:04:20.909946 147257 0x5b3fa3c689f0 INFO pmx_device_session_debug pmxdevicesession.c:616:pmx_device_session_set_state:<PmxDeviceSession@0x5b3fa3edae00> SessionID(28) Set state(started) StateChangeResult(0x7fffc47eb420)
15:04:20.909951 147257 0x5b3fa3c689f0 DEBUG            pmx_debug pmxbasesession.c:84:pmx_base_session_set_state:<PmxDeviceSession@0x5b3fa3edae00> BaseSession SessionID(28) set state: 0
15:04:20.910056 147257 0x5b3fa3d56f40 INFO  pmx_bucketman_debug pmxbucketman.c:520:pmx_bucket_man_add_from_caps:(NULL) caps: video/x-raw(memory:DMABuf), format=(string)DMA_DRM, drm-format=(string)YUYV, width=(int)1280, height=(int)720, pixel-aspect-ratio=(fraction)1/1, framerate=(fraction)30/1; image/jpeg, parsed=(boolean)true, width=(int)1280, height=(int)720, pixel-aspect-ratio=(fraction)1/1, framerate=(fraction)30/1; video/x-raw, format=(string)YUY2, width=(int)1280, height=(int)720, pixel-aspect-ratio=(fraction)1/1, framerate=(fraction)30/1
15:04:20.910069 147257 0x5b3fa3d56f40 DEBUG  pmx_bucketman_debug pmxbucketman.c:290:pmx_bucket_man_add_bucket:(NULL) Inserting bucket: 1280x720,30/1fps,1161216bps, with caps: video/x-raw, format=(string)DMA_DRM, drm-format=(string)YUYV, width=(int)1280, height=(int)720, pixel-aspect-ratio=(fraction)1/1, framerate=(fraction)30/1
15:04:20.910078 147257 0x5b3fa3d56f40 DEBUG  pmx_bucketman_debug pmxbucketman.c:290:pmx_bucket_man_add_bucket:(NULL) Inserting bucket: 1280x720,30/1fps,1161216bps, with caps: image/jpeg, parsed=(boolean)true, width=(int)1280, height=(int)720, pixel-aspect-ratio=(fraction)1/1, framerate=(fraction)30/1
15:04:20.910088 147257 0x5b3fa3d56f40 DEBUG  pmx_bucketman_debug pmxbucketman.c:290:pmx_bucket_man_add_bucket:(NULL) Inserting bucket: 1280x720,30/1fps,1161216bps, with caps: video/x-raw, format=(string)YUY2, width=(int)1280, height=(int)720, pixel-aspect-ratio=(fraction)1/1, framerate=(fraction)30/1
15:04:20.910096 147257 0x5b3fa3d56f40 INFO  pmx_bucketman_debug pmxbucketman.c:278:pmx_bucket_man_get_current_bucket:(NULL) Getting bucket: 1280x720,30/1fps,1161216bps, with caps: image/jpeg, parsed=(boolean)true, width=(int)1280, height=(int)720, pixel-aspect-ratio=(fraction)1/1, framerate=(fraction)30/1
15:04:20.910103 147257 0x5b3fa3d56f40 INFO pmx_device_session_debug pmxdeviceinput.c:261:_set_video_bucket_for_bitrate:(NULL) Settings camera caps to : image/jpeg, parsed=(boolean)true, width=(int)1280, height=(int)720, pixel-aspect-ratio=(fraction)1/1, framerate=(fraction)30/1
15:04:20.910152 147257 0x5b3fa3d56f40 INFO pmx_device_session_debug pmxdeviceinput.c:194:_reconfigure_convert:(NULL) Got original caps: image/jpeg, parsed=(boolean)true, width=(int)1280, height=(int)720, pixel-aspect-ratio=(fraction)1/1, framerate=(fraction)30/1
15:04:20.910969 147257 0x7fc8c80021c0 WARNING                 v4l2 gstv4l2object.c:5030:gst_v4l2_object_set_crop:<videosrc_6:src> VIDIOC_S_CROP failed
15:04:20.911717 147257 0x7fc8c80021c0 WARNING                 v4l2 gstv4l2object.c:3511:gst_v4l2_object_reset_compose_region:<videosrc_6:src> Failed to get default compose rectangle with VIDIOC_G_SELECTION: Invalid argument
15:04:20.912030 147257 0x7fc8c80021c0 WARNING       v4l2bufferpool gstv4l2bufferpool.c:882:gst_v4l2_buffer_pool_start:<videosrc_6:pool0:src> Uncertain or not enough buffers, enabling copy threshold
15:04:20.930071 147257 0x7fc8c80021c0 WARNING       v4l2bufferpool gstv4l2bufferpool.c:1383:gst_v4l2_buffer_pool_dqbuf:<videosrc_6:pool0:src> Driver should never set v4l2_buffer.field to ANY
15:04:20.930115 147257 0x7fc8c80021c0 WARNING              v4l2src gstv4l2src.c:1392:gst_v4l2src_create:<videosrc_6> Timestamp does not correlate with any clock, ignoring driver timestamps
15:04:20.930337 147257 0x5b3fa3c689f0 INFO                pulse pulse.c:3497:pulse_media_input_set_rotation:(NULL) [cid:1] rotation: 0 for MAIN
15:04:20.930356 147257 0x5b3fa3c689f0 DEBUG                pulse pulse.c:4665:pulse_set_rtp_activity_monitor_paused:(NULL) [cid:1] Setting rtp activity monitor: active
15:04:20.930363 147257 0x5b3fa3c689f0 DEBUG                pulse pulse.c:4665:pulse_set_rtp_activity_monitor_paused:(NULL) [cid:1] Setting rtp activity monitor: active
15:04:20.930368 147257 0x5b3fa3c689f0 INFO pulse_device_session pulse_device_session.c:106:pulse_device_session_connect_system_default:(NULL) [cid:1] media_content: 0, media_type: 0, media_direction: 0
15:04:20.930373 147257 0x5b3fa3c689f0 INFO pulse_device_session pulse_device_session.c:129:pulse_device_session_connect_system_default:(NULL) Connecting audio-system-default INPUT for MAIN
15:04:20.930377 147257 0x5b3fa3c689f0 DEBUG                pulse pulse.c:4665:pulse_set_rtp_activity_monitor_paused:(NULL) [cid:1] Setting rtp activity monitor: paused
15:04:20.930381 147257 0x5b3fa3c689f0 INFO pulse_device_session pulse_device_session.c:231:pulse_device_session_connect_device:(NULL) [cid:1] device:0x7fffc47eb510, media_content: 0
15:04:20.930384 147257 0x5b3fa3c689f0 DEBUG                pulse pulse.c:4665:pulse_set_rtp_activity_monitor_paused:(NULL) [cid:1] Setting rtp activity monitor: paused
15:04:20.934523 147257 0x5b3fa3c689f0 INFO pmx_device_session_debug pmxdevicesession.c:197:pmx_device_session_add_audio_input:<PmxDeviceSession@0x5b3fa3d99fa0> SessionID(1) Add audio InputID(7)
15:04:20.934542 147257 0x5b3fa3c689f0 DEBUG pulse_device_session pulse_device_session.c:294:pulse_device_session_connect_audio_device:(NULL) Adding audio input: 7
15:04:20.934561 147257 0x5b3fa3c689f0 DEBUG     pmx_device_debug pmxdevicectx.c:214:pmx_device_ctx_set_audio_device:<PmxDeviceCtx@0x5b3fa3d9c9a0> Set audio device: (nil), type: input
15:04:20.935381 147257 0x5b3fa3c689f0 INFO pulse_device_session pulse_device_session.c:93:pulse_device_session_mute_main_audio_unlocked:(NULL) Unmuting MAIN audio
15:04:20.935398 147257 0x5b3fa3c689f0 INFO            pmx_debug pmx.c:1338:pmx_root_set_mute_on_input:<PmxRoot@0x5b3fa3951f20> Set Mute=FALSE InputID(7)
15:04:20.935408 147257 0x5b3fa3c689f0 INFO                pulse pulse.c:2822:pulse_add_local_audio_mixing_input_unlocked:(NULL) [cid:1] adding 7 (DEVICE) input to the mix 0
15:04:20.935414 147257 0x5b3fa3c689f0 INFO            pmx_debug pmx.c:1126:pmx_root_add_to_mixing_groups:<PmxRoot@0x5b3fa3951f20> Add to mixing groups InputID(7), num MixingGroups(1)
15:04:20.935559 147257 0x5b3fa3c689f0 INFO        pulse_options pulse_options.c:1348:_set_automatic_gain_control_unlocked:(NULL) Enabling AGC on input 7.
15:04:20.935755 147257 0x5b3fa3c689f0 INFO        pulse_options pulse_options.c:1355:_set_denoise_unlocked:(NULL) Disabling Denoise on input 7.
15:04:20.935763 147257 0x5b3fa3c689f0 DEBUG                pulse pulse.c:2739:pulse_add_local_input_unlocked:(NULL) [cid:1] Adding input: 7 for media_content: MAIN, media_type: AUDIO, loopback: 0 and session_type: MIXING_GROUP
15:04:20.935770 147257 0x5b3fa3c689f0 DEBUG       pmx_util_debug pmxutil.c:2424:pmx_util_get_codec_id:(NULL) No PmxOutputID matching content_type:0 media_type:1 found!
15:04:20.935775 147257 0x5b3fa3c689f0 DEBUG pulse_device_session pulse_device_session.c:344:pulse_device_session_connect_audio_device:(NULL) Setting PMX_STATE_START on audio device session
15:04:20.935780 147257 0x5b3fa3c689f0 INFO pmx_device_session_debug pmxdevicesession.c:616:pmx_device_session_set_state:<PmxDeviceSession@0x5b3fa3d99fa0> SessionID(1) Set state(started) StateChangeResult(0x7fffc47eb480)
15:04:20.935785 147257 0x5b3fa3c689f0 DEBUG            pmx_debug pmxbasesession.c:84:pmx_base_session_set_state:<PmxDeviceSession@0x5b3fa3d99fa0> BaseSession SessionID(1) set state: 0
15:04:20.935891 147257 0x5b3fa3c689f0 DEBUG pulse_device_session pulse_device_session.c:353:pulse_device_session_connect_audio_device:(NULL) Device change complete with code: 0 and error: 0
15:04:20.935898 147257 0x5b3fa3c689f0 DEBUG                pulse pulse.c:4665:pulse_set_rtp_activity_monitor_paused:(NULL) [cid:1] Setting rtp activity monitor: active
15:04:20.935902 147257 0x5b3fa3c689f0 DEBUG                pulse pulse.c:4665:pulse_set_rtp_activity_monitor_paused:(NULL) [cid:1] Setting rtp activity monitor: active
15:04:20.935907 147257 0x5b3fa3c689f0 INFO pulse_device_session pulse_device_session.c:106:pulse_device_session_connect_system_default:(NULL) [cid:1] media_content: 0, media_type: 0, media_direction: 1
15:04:20.935912 147257 0x5b3fa3c689f0 INFO pulse_device_session pulse_device_session.c:129:pulse_device_session_connect_system_default:(NULL) Connecting audio-system-default OUTPUT for MAIN
15:04:20.935917 147257 0x5b3fa3c689f0 DEBUG                pulse pulse.c:4665:pulse_set_rtp_activity_monitor_paused:(NULL) [cid:1] Setting rtp activity monitor: paused
15:04:20.935921 147257 0x5b3fa3c689f0 INFO pulse_device_session pulse_device_session.c:231:pulse_device_session_connect_device:(NULL) [cid:1] device:0x7fffc47eb510, media_content: 0
15:04:20.935926 147257 0x5b3fa3c689f0 DEBUG                pulse pulse.c:4665:pulse_set_rtp_activity_monitor_paused:(NULL) [cid:1] Setting rtp activity monitor: paused
15:04:20.936018 147257 0x7fc8c8002430 WARNING             GST_PADS gstpad.c:4428:gst_pad_peer_query:<pexaudioenginesrc0:src> could not send sticky events
15:04:20.936419 147257 0x5b3fa3d56f40 DEBUG        pmx_bus_debug pmxbus.c:106:msg_handler_handle_message:(NULL) Trigger callback for SrcName(pexaudioenginesink0) on latency change
15:04:20.936433 147257 0x5b3fa3d56f40 DEBUG   pmx_pipeline_debug pmxpipeline.c:116:_on_latency_change:<pmxpipeline> latency changed in pexaudioenginesink0
15:04:20.936482 147257 0x5b3fa3c689f0 INFO pmx_device_session_debug pmxdevicesession.c:209:pmx_device_session_add_audio_output:<PmxDeviceSession@0x5b3fa3d99fa0> SessionID(1) Add audio OuputID(8)
15:04:20.936493 147257 0x5b3fa3c689f0 DEBUG pulse_device_session pulse_device_session.c:322:pulse_device_session_connect_audio_device:(NULL) Adding audio output: 8
15:04:20.936667 147257 0x7fc8c8002430 WARNING             GST_PADS gstpad.c:4428:gst_pad_peer_query:<pexaudioenginesrc0:src> could not send sticky events
15:04:20.936700 147257 0x5b3fa3c689f0 DEBUG     pmx_device_debug pmxdevicectx.c:214:pmx_device_ctx_set_audio_device:<PmxDeviceCtx@0x5b3fa3d9c9a0> Set audio device: (nil), type: output
15:04:20.936721 147257 0x7fc8d0008370 DEBUG                pulse pulsedeviceprovider.c:298:get_server_info_cb:<pulsedeviceprovider0> Default sink name: alsa_output.pci-0000_00_1f.3-platform-skl_hda_dsp_generic.HiFi__hw_sofhdadsp__sink
15:04:20.936723 147257 0x5b3fa3d56f40 DEBUG           pexpapapad pexpapapad.c:218:pex_papa_pad_event_probe:<pexpapabin0:send_sink_0_27> latency event: 0x7fc8f000c160, time 99:99:99.999999999, seq-num 1337, GstEventLatency, latency=(guint64)0;
15:04:20.936755 147257 0x5b3fa3d56f40 WARNING             pipeline gstpipeline.c:760:gst_pipeline_do_latency:<pmxpipeline> did not really configure latency of 0:00:00.000000000
15:04:20.937692 147257 0x5b3fa3d56f40 DEBUG        pmx_bus_debug pmxbus.c:106:msg_handler_handle_message:(NULL) Trigger callback for SrcName(pexaudioenginesink0) on latency change
15:04:20.937718 147257 0x5b3fa3d56f40 DEBUG   pmx_pipeline_debug pmxpipeline.c:116:_on_latency_change:<pmxpipeline> latency changed in pexaudioenginesink0
15:04:20.937793 147257 0x5b3fa3c689f0 DEBUG                pulse pulse.c:2880:pulse_add_local_output_unlocked:(NULL) Adding output (8) for MAIN AUDIO (DEVICE)
15:04:20.937815 147257 0x5b3fa3c689f0 DEBUG                pulse pulse.c:2936:pulse_add_local_output_unlocked:(NULL) [cid:1] Connecting receive media_content: MAIN to output: 8 with codec: (null)
15:04:20.937830 147257 0x5b3fa3c689f0 DEBUG pulse_device_session pulse_device_session.c:344:pulse_device_session_connect_audio_device:(NULL) Setting PMX_STATE_START on audio device session
15:04:20.937836 147257 0x7fc8d0008370 DEBUG                pulse pulsedeviceprovider.c:298:get_server_info_cb:<pulsedeviceprovider0> Default sink name: alsa_output.pci-0000_00_1f.3-platform-skl_hda_dsp_generic.HiFi__hw_sofhdadsp__sink
15:04:20.937842 147257 0x5b3fa3d56f40 DEBUG           pexpapapad pexpapapad.c:218:pex_papa_pad_event_probe:<pexpapabin0:send_sink_0_27> latency event: 0x7fc8f000c160, time 99:99:99.999999999, seq-num 1362, GstEventLatency, latency=(guint64)0;
15:04:20.937847 147257 0x5b3fa3c689f0 INFO pmx_device_session_debug pmxdevicesession.c:616:pmx_device_session_set_state:<PmxDeviceSession@0x5b3fa3d99fa0> SessionID(1) Set state(started) StateChangeResult(0x7fffc47eb480)
15:04:20.937875 147257 0x5b3fa3c689f0 DEBUG            pmx_debug pmxbasesession.c:84:pmx_base_session_set_state:<PmxDeviceSession@0x5b3fa3d99fa0> BaseSession SessionID(1) set state: 0
15:04:20.937886 147257 0x5b3fa3d56f40 WARNING             pipeline gstpipeline.c:760:gst_pipeline_do_latency:<pmxpipeline> did not really configure latency of 0:00:00.000000000
15:04:20.937938 147257 0x5b3fa3c689f0 DEBUG pulse_device_session pulse_device_session.c:353:pulse_device_session_connect_audio_device:(NULL) Device change complete with code: 0 and error: 0
15:04:20.937950 147257 0x5b3fa3c689f0 DEBUG                pulse pulse.c:4665:pulse_set_rtp_activity_monitor_paused:(NULL) [cid:1] Setting rtp activity monitor: active
15:04:20.937959 147257 0x5b3fa3c689f0 DEBUG                pulse pulse.c:4665:pulse_set_rtp_activity_monitor_paused:(NULL) [cid:1] Setting rtp activity monitor: active
15:04:20.937992 147257 0x5b3fa3c689f0 INFO   pulse_data_session pulse_data_session.c:652:pulse_data_session_connect_output:(NULL) [cid:1] config: 0x5b3fa3d6bbc0, media_content: 0
15:04:20.938004 147257 0x5b3fa3c689f0 INFO pmx_participant_debug pmxparticipant.c:368:pmx_participant_create_data_session:(NULL) ParticipantID(0) Create DataSession ID(29)
15:04:20.938018 147257 0x5b3fa3c689f0 DEBUG            pmx_debug pmxbasesession.c:126:pmx_base_session_init:<PmxDataSession@0x5b3fa4018060> Init BaseSession Pipeline(0x5b3fa3d56d10) ParticipantID(0) SessionID(29)
15:04:20.938030 147257 0x5b3fa3c689f0 INFO pmx_data_session_debug pmxdatasession.c:128:pmx_data_session_new:<PmxDataSession@0x5b3fa4018060> New DataSession ID(29) ParticipantID(0)
15:04:20.938058 147257 0x5b3fa3c689f0 INFO pmx_data_session_debug pmxdatasession.c:51:pmx_data_session_add_output:<PmxDataSession@0x5b3fa4018060> DataSessionID(29) Add output OutputID(9) Caps(video/x-raw, format=(string)RGBA)
15:04:20.938060 147257 0x7fc8d0008370 DEBUG                pulse pulsedeviceprovider.c:298:get_server_info_cb:<pulsedeviceprovider0> Default sink name: alsa_output.pci-0000_00_1f.3-platform-skl_hda_dsp_generic.HiFi__hw_sofhdadsp__sink
15:04:20.938892 147257 0x5b3fa3c689f0 INFO            pmx_debug pmx.c:326:pmx_root_configure_data_output:<PmxRoot@0x5b3fa3951f20> Configure Data OutputID(9)
15:04:20.938928 147257 0x5b3fa3d56f40 DEBUG        pmx_bus_debug pmxbus.c:106:msg_handler_handle_message:(NULL) Trigger callback for SrcName(pmx_dataoutput_appsink_9) on latency change
15:04:20.938929 147257 0x5b3fa3c689f0 DEBUG                pulse pulse.c:2880:pulse_add_local_output_unlocked:(NULL) Adding output (9) for MAIN VIDEO (DATA)
15:04:20.938947 147257 0x5b3fa3d56f40 DEBUG   pmx_pipeline_debug pmxpipeline.c:116:_on_latency_change:<pmxpipeline> latency changed in pmx_dataoutput_appsink_9
15:04:20.938953 147257 0x5b3fa3c689f0 DEBUG                pulse pulse.c:2936:pulse_add_local_output_unlocked:(NULL) [cid:1] Connecting receive media_content: MAIN to output: 9 with codec: (null)
15:04:20.938964 147257 0x5b3fa3c689f0 DEBUG   pulse_data_session pulse_data_session.c:757:pulse_data_session_connect_output:(NULL) Adding data-session video output: 9 with caps: 'video/x-raw, format=RGBA'
15:04:20.938978 147257 0x5b3fa3c689f0 INFO   pulse_data_session pulse_data_session.c:652:pulse_data_session_connect_output:(NULL) [cid:1] config: 0x5b3fa3d6bbc0, media_content: 2
15:04:20.938988 147257 0x5b3fa3c689f0 INFO pmx_participant_debug pmxparticipant.c:368:pmx_participant_create_data_session:(NULL) ParticipantID(0) Create DataSession ID(30)
15:04:20.938998 147257 0x5b3fa3c689f0 DEBUG            pmx_debug pmxbasesession.c:126:pmx_base_session_init:<PmxDataSession@0x5b3fa40cb110> Init BaseSession Pipeline(0x5b3fa3d56d10) ParticipantID(0) SessionID(30)
15:04:20.939010 147257 0x5b3fa3c689f0 INFO pmx_data_session_debug pmxdatasession.c:128:pmx_data_session_new:<PmxDataSession@0x5b3fa40cb110> New DataSession ID(30) ParticipantID(0)
15:04:20.939033 147257 0x5b3fa3c689f0 INFO pmx_data_session_debug pmxdatasession.c:51:pmx_data_session_add_output:<PmxDataSession@0x5b3fa40cb110> DataSessionID(30) Add output OutputID(10) Caps(video/x-raw, format=(string)RGBA)
15:04:20.939052 147257 0x5b3fa3d56f40 DEBUG           pexpapapad pexpapapad.c:218:pex_papa_pad_event_probe:<pexpapabin0:send_sink_0_27> latency event: 0x7fc8f000c160, time 99:99:99.999999999, seq-num 1415, GstEventLatency, latency=(guint64)0;
15:04:20.939084 147257 0x5b3fa3d56f40 WARNING             pipeline gstpipeline.c:760:gst_pipeline_do_latency:<pmxpipeline> did not really configure latency of 0:00:00.000000000
15:04:20.939804 147257 0x5b3fa3c689f0 INFO            pmx_debug pmx.c:326:pmx_root_configure_data_output:<PmxRoot@0x5b3fa3951f20> Configure Data OutputID(10)
15:04:20.939842 147257 0x5b3fa3d56f40 DEBUG        pmx_bus_debug pmxbus.c:106:msg_handler_handle_message:(NULL) Trigger callback for SrcName(pmx_dataoutput_appsink_10) on latency change
15:04:20.939846 147257 0x5b3fa3c689f0 DEBUG                pulse pulse.c:2880:pulse_add_local_output_unlocked:(NULL) Adding output (10) for SELFVIEW VIDEO (DATA)
15:04:20.939861 147257 0x5b3fa3d56f40 DEBUG   pmx_pipeline_debug pmxpipeline.c:116:_on_latency_change:<pmxpipeline> latency changed in pmx_dataoutput_appsink_10
15:04:20.939866 147257 0x5b3fa3c689f0 DEBUG                pulse pulse.c:2921:pulse_add_local_output_unlocked:(NULL) [cid:1] Connecting SELFVIEW input: 6 to output: 10 with codec: (null)
15:04:20.939880 147257 0x5b3fa3c689f0 INFO            pmx_debug pmx.c:515:pmx_root_video_connect:<PmxRoot@0x5b3fa3951f20> Video-connect InputID(6) -> OutputID(10), CodecID(18), ConnectionPoint(enum-val=2)
15:04:20.939893 147257 0x5b3fa3c689f0 INFO            pmx_debug pmxmamaoutput.c:402:pmx_mama_output_add_codec:(NULL) MamaOutput(0x5b3fa40cdde0:10) Codec((null)) Encoder((null)), clock-rate(0), pt(255), SSRC(0x00000000)
15:04:20.940008 147257 0x5b3fa3d56f40 DEBUG           pexpapapad pexpapapad.c:218:pex_papa_pad_event_probe:<pexpapabin0:send_sink_0_27> latency event: 0x7fc8f000c160, time 99:99:99.999999999, seq-num 1468, GstEventLatency, latency=(guint64)0;
15:04:20.940040 147257 0x5b3fa3d56f40 WARNING             pipeline gstpipeline.c:760:gst_pipeline_do_latency:<pmxpipeline> did not really configure latency of 0:00:00.000000000
15:04:20.940238 147257 0x5b3fa3c689f0 DEBUG   pulse_data_session pulse_data_session.c:757:pulse_data_session_connect_output:(NULL) Adding data-session video output: 10 with caps: 'video/x-raw, format=RGBA'
15:04:20.940         os_core_unix.c !pjlib 2.14.1 for POSIX initialized
15:04:20.940         sip_endpoint.c  Creating endpoint instance...
15:04:20.940                  pjlib  select() I/O Queue created (0x5b3fa40e87a8)
15:04:20.940         sip_endpoint.c  Module "mod-msg-print" registered
15:04:20.940        sip_transport.c  Transport manager created.
15:04:20.940            tcptp:45711  SIP TCP listener ready for incoming connections at 10.47.104.51:45711
15:04:20.940         sip_endpoint.c  Module "mod-tsx-layer" registered
15:04:20.940         sip_endpoint.c  Module "mod-stateful-util" registered
15:04:20.940         sip_endpoint.c  Module "mod-ua" registered
15:04:20.940         sip_endpoint.c  Module "mod-invite" registered
15:04:20.940         sip_endpoint.c  Module "mod-100rel" registered
15:04:20.940         sip_endpoint.c  Module "sipua-app" registered
15:04:20.941599 147257 0x7fc8d0008370 DEBUG                pulse pulsedeviceprovider.c:298:get_server_info_cb:<pulsedeviceprovider0> Default sink name: alsa_output.pci-0000_00_1f.3-platform-skl_hda_dsp_generic.HiFi__hw_sofhdadsp__sink
15:04:20.953004 147257 0x7fc8d0008370 DEBUG                pulse pulsedeviceprovider.c:298:get_server_info_cb:<pulsedeviceprovider0> Default sink name: alsa_output.pci-0000_00_1f.3-platform-skl_hda_dsp_generic.HiFi__hw_sofhdadsp__sink
15:04:20.953170 147257 0x7fc8d0008370 DEBUG                pulse pulsedeviceprovider.c:298:get_server_info_cb:<pulsedeviceprovider0> Default sink name: alsa_output.pci-0000_00_1f.3-platform-skl_hda_dsp_generic.HiFi__hw_sofhdadsp__sink
15:04:20.954905 147257 0x7fc8d0008370 DEBUG                pulse pulsedeviceprovider.c:298:get_server_info_cb:<pulsedeviceprovider0> Default sink name: alsa_output.pci-0000_00_1f.3-platform-skl_hda_dsp_generic.HiFi__hw_sofhdadsp__sink
15:04:20.968718 147257 0x7fc8d0008370 DEBUG                pulse pulsedeviceprovider.c:298:get_server_info_cb:<pulsedeviceprovider0> Default sink name: alsa_output.pci-0000_00_1f.3-platform-skl_hda_dsp_generic.HiFi__hw_sofhdadsp__sink
15:04:20.968862 147257 0x7fc8d0008370 DEBUG                pulse pulsedeviceprovider.c:298:get_server_info_cb:<pulsedeviceprovider0> Default sink name: alsa_output.pci-0000_00_1f.3-platform-skl_hda_dsp_generic.HiFi__hw_sofhdadsp__sink
15:04:20.968967 147257 0x7fc8d0008370 DEBUG                pulse pulsedeviceprovider.c:298:get_server_info_cb:<pulsedeviceprovider0> Default sink name: alsa_output.pci-0000_00_1f.3-platform-skl_hda_dsp_generic.HiFi__hw_sofhdadsp__sink
15:04:21.413707 147257 0x5b3fa3d56f40 DEBUG        pmx_bus_debug pmxbus.c:106:msg_handler_handle_message:(NULL) Trigger callback for SrcName(pmx_dataoutput_appsink_10) on latency change
15:04:21.413765 147257 0x5b3fa3d56f40 DEBUG   pmx_pipeline_debug pmxpipeline.c:116:_on_latency_change:<pmxpipeline> latency changed in pmx_dataoutput_appsink_10
15:04:21.413996 147257 0x5b3fa3d56f40 DEBUG           pexpapapad pexpapapad.c:218:pex_papa_pad_event_probe:<pexpapabin0:send_sink_0_27> latency event: 0x7fc8f000c160, time 99:99:99.999999999, seq-num 1509, GstEventLatency, latency=(guint64)0;
15:04:21.414025 147257 0x5b3fa3d56f40 WARNING             pipeline gstpipeline.c:760:gst_pipeline_do_latency:<pmxpipeline> did not really configure latency of 0:00:00.000000000
15:04:37.850263 147257 0x5b3fa3c689f0 INFO                pulse pulse.c:1737:pulse_setup_stage_1_from_structure:(NULL) [cid:1]
15:04:37.850301 147257 0x5b3fa3c689f0 DEBUG pulse_rest_conference_event_subscriber pulse_rest_conference_event_subscriber.c:113:pulse_rest_conference_event_subscriber_init:(NULL) [cid:1 sid:1] Initializing...
15:04:37.850532 147257 0x5b3fa3c689f0 DEBUG            pulse_net pulse_net.c:194:pulse_net_get_interface_addresses:(NULL) skipping loopback interface: lo
15:04:37.850540 147257 0x5b3fa3c689f0 DEBUG            pulse_net pulse_net.c:209:pulse_net_get_interface_addresses:(NULL) skipping address with unhandled family AF_PACKET (17) for interface enx083a8856fb29
15:04:37.850543 147257 0x5b3fa3c689f0 DEBUG            pulse_net pulse_net.c:202:pulse_net_get_interface_addresses:(NULL) skipping interface thats not running: wlp0s20f3
15:04:37.850547 147257 0x5b3fa3c689f0 DEBUG            pulse_net pulse_net.c:202:pulse_net_get_interface_addresses:(NULL) skipping interface thats not running: virbr0
15:04:37.850550 147257 0x5b3fa3c689f0 DEBUG            pulse_net pulse_net.c:202:pulse_net_get_interface_addresses:(NULL) skipping interface thats not running: virbr1
15:04:37.850553 147257 0x5b3fa3c689f0 DEBUG            pulse_net pulse_net.c:202:pulse_net_get_interface_addresses:(NULL) skipping interface thats not running: br-3c6472e1237b
15:04:37.850557 147257 0x5b3fa3c689f0 DEBUG            pulse_net pulse_net.c:209:pulse_net_get_interface_addresses:(NULL) skipping address with unhandled family AF_PACKET (17) for interface docker0
15:04:37.850561 147257 0x5b3fa3c689f0 DEBUG            pulse_net pulse_net.c:209:pulse_net_get_interface_addresses:(NULL) skipping address with unhandled family AF_PACKET (17) for interface vethc41a1c0
15:04:37.850564 147257 0x5b3fa3c689f0 DEBUG            pulse_net pulse_net.c:209:pulse_net_get_interface_addresses:(NULL) skipping address with unhandled family AF_PACKET (17) for interface vethcf93531
15:04:37.850568 147257 0x5b3fa3c689f0 DEBUG            pulse_net pulse_net.c:209:pulse_net_get_interface_addresses:(NULL) skipping address with unhandled family AF_PACKET (17) for interface veth6b5a151
15:04:37.850576 147257 0x5b3fa3c689f0 DEBUG            pulse_net pulse_net.c:246:pulse_net_get_interface_addresses:(NULL) Valid address: 10.47.104.51
15:04:37.850581 147257 0x5b3fa3c689f0 DEBUG            pulse_net pulse_net.c:202:pulse_net_get_interface_addresses:(NULL) skipping interface thats not running: vpn00b175c1f8
15:04:37.850585 147257 0x5b3fa3c689f0 DEBUG            pulse_net pulse_net.c:202:pulse_net_get_interface_addresses:(NULL) skipping interface thats not running: vpn0059f7e7b9
15:04:37.850589 147257 0x5b3fa3c689f0 DEBUG            pulse_net pulse_net.c:202:pulse_net_get_interface_addresses:(NULL) skipping interface thats not running: vpn005d86a14c
15:04:37.850593 147257 0x5b3fa3c689f0 DEBUG            pulse_net pulse_net.c:202:pulse_net_get_interface_addresses:(NULL) skipping interface thats not running: vpn003e9c19ec
15:04:37.850597 147257 0x5b3fa3c689f0 DEBUG            pulse_net pulse_net.c:246:pulse_net_get_interface_addresses:(NULL) Valid address: 172.17.1.1
15:04:37.850603 147257 0x5b3fa3c689f0 DEBUG            pulse_net pulse_net.c:217:pulse_net_get_interface_addresses:(NULL) skipping AF_INET6 address on interface enx083a8856fb29 (not in accepted AF mask)
15:04:37.850607 147257 0x5b3fa3c689f0 DEBUG            pulse_net pulse_net.c:217:pulse_net_get_interface_addresses:(NULL) skipping AF_INET6 address on interface docker0 (not in accepted AF mask)
15:04:37.850611 147257 0x5b3fa3c689f0 DEBUG            pulse_net pulse_net.c:217:pulse_net_get_interface_addresses:(NULL) skipping AF_INET6 address on interface docker0 (not in accepted AF mask)
15:04:37.850615 147257 0x5b3fa3c689f0 DEBUG            pulse_net pulse_net.c:217:pulse_net_get_interface_addresses:(NULL) skipping AF_INET6 address on interface vethc41a1c0 (not in accepted AF mask)
15:04:37.850619 147257 0x5b3fa3c689f0 DEBUG            pulse_net pulse_net.c:217:pulse_net_get_interface_addresses:(NULL) skipping AF_INET6 address on interface vethcf93531 (not in accepted AF mask)
15:04:37.850623 147257 0x5b3fa3c689f0 DEBUG            pulse_net pulse_net.c:217:pulse_net_get_interface_addresses:(NULL) skipping AF_INET6 address on interface veth6b5a151 (not in accepted AF mask)
15:04:37.850637 147257 0x5b3fa3c689f0 DEBUG       pmx_util_debug pmxutil.c:2569:pmx_util_create_sdp:(NULL) SSRCS audio:1043586698, video:3717289377, rtx:675953646, pexfec:3368349952, presentation:2452707772, presentation-rtx:1153684510, presentation-pexfec:1442916484
15:04:37.850667 147257 0x5b3fa3c689f0 DEBUG       pmx_util_debug pmxutil.c:2915:_pmx_util_create_sdp_infinity_sip_make_challenge:(NULL) SIP non-bundle offer requested; omitting a=group:BUNDLE
15:04:37.850768 147257 0x5b3fa3c689f0 ERROR              default pmxdtls.c:552:pmx_dtls_set_mode:(NULL) Missing dtls handle!
15:04:37.850822 147257 0x5b3fa3c689f0 DEBUG     pulse_connection pulse_connection.c:190:_pulse_connection_setup_stage1_internal:(NULL) [cid:1 sid:1] Request (local) SDP: v=0
o=pexip_pulse_1.0 1779368677850648 1 IN IP4 10.47.104.51
s=-
t=0 0
a=extmap-allow-mixed
a=msid-semantic: WMS ff8fd4c5-9c36-6492-a2f7-a10fbc6abe98
m=audio 10000 UDP/TLS/RTP/SAVPF 109 0 8 101
c=IN IP4 10.47.104.51
b=AS:2048
b=TIAS:2048000
a=sendrecv
a=mid:0
a=msid:ff8fd4c5-9c36-6492-a2f7-a10fbc6abe98 25dbe9e4-58b7-596c-0d0f-c6274b070d2e
a=connection:new
a=rtpmap:109 OPUS/48000/2
a=rtpmap:0 PCMU/8000
a=rtpmap:8 PCMA/8000
a=rtpmap:101 TELEPHONE-EVENT/8000
a=fmtp:109 maxplaybackrate=48000;stereo=1;useinbandfec=1
a=fmtp:101 0-15
a=crypto:0 AES_CM_128_HMAC_SHA1_80 inline:+PKYYuIEl/kg2Fn7FmfvQTFTfBU8r5uJVkkCzxlz|2^48
a=content:main
a=extmap:1 http://www.ietf.org/id/draft-holmer-rmcat-transport-wide-cc-extensions-01
a=extmap:2 urn:ietf:params:rtp-hdrext:ssrc-audio-level
a=rtcp:10001 IN IP4 10.47.104.51
a=rtcp-fb:* transport-cc
a=ssrc:1043586698 cname:64751423-9045-4b3d-8329-b32a0268c04b
a=setup:active
m=video 10002 UDP/TLS/RTP/SAVPF 96 120
c=IN IP4 10.47.104.51
b=AS:2048
b=TIAS:2048000
a=sendrecv
a=mid:1
a=msid:ff8fd4c5-9c36-6492-a2f7-a10fbc6abe98 70285a3c-8674-8157-1db9-69966b4db661
a=connection:new
a=rtpmap:96 H264/90000
a=rtpmap:120 RTX/90000
a=fmtp:96 profile-level-id=428014;max-br=3732;max-mbps=245760;max-fs=8192;max-smbps=245760;max-fps=3000
a=fmtp:120 apt=96
a=crypto:0 AES_CM_128_HMAC_SHA1_80 inline:TAOlNuVZBqQzPLXR35PfRVVJANqoSDTbaaVCJu1q|2^48
a=content:main
a=extmap:1 http://www.ietf.org/id/draft-holmer-rmcat-transport-wide-cc-extensions-01
a=rtcp:10003 IN IP4 10.47.104.51
a=rtcp-fb:* nack
a=rtcp-fb:* nack pli
a=rtcp-fb:* transport-cc
a=rtcp-fb:* goog-remb
a=ssrc:3717289377 cname:e3b77882-2826-41a3-aff0-348e331d00f0
a=ssrc:675953646 cname:e3b77882-2826-41a3-aff0-348e331d00f0
a=ssrc-group:FID 3717289377 675953646
a=setup:active
m=video 10004 UDP/TLS/RTP/SAVPF 96 122
c=IN IP4 10.47.104.51
b=AS:2048
b=TIAS:2048000
a=inactive
a=mid:2
a=connection:new
a=rtpmap:96 H264/90000
a=rtpmap:122 RTX/90000
a=fmtp:96 profile-level-id=428014;max-br=3732;max-mbps=245760;max-fs=8192;max-smbps=245760;max-fps=3000
a=fmtp:122 apt=96
a=crypto:0 AES_CM_128_HMAC_SHA1_80 inline:UKD/256uCfjmilC6JlbZ1xsIO9jd1ZFqLAEb1Mvs|2^48
a=content:slides
a=extmap:1 http://www.ietf.org/id/draft-holmer-rmcat-transport-wide-cc-extensions-01
a=rtcp:10005 IN IP4 10.47.104.51
a=rtcp-fb:* nack
a=rtcp-fb:* nack pli
a=rtcp-fb:* transport-cc
a=rtcp-fb:* goog-remb
a=ssrc:2452707772 cname:574c9ec4-9803-4474-8b73-e3420ccc973c
a=ssrc:1153684510 cname:574c9ec4-9803-4474-8b73-e3420ccc973c
a=ssrc-group:FID 2452707772 1153684510
a=setup:active

15:04:37.850      dlg0x5b3fa4aeb808  UAC dialog created
===== SIP: outgoing offer SDP (2550 bytes) =====
v=0
o=pexip_pulse_1.0 1779368677850648 1 IN IP4 10.47.104.51
s=-
t=0 0
a=extmap-allow-mixed
a=msid-semantic: WMS ff8fd4c5-9c36-6492-a2f7-a10fbc6abe98
m=audio 51214 UDP/TLS/RTP/SAVPF 109 0 8 101
c=IN IP4 10.47.104.51
b=AS:2048
b=TIAS:2048000
a=sendrecv
a=mid:0
a=msid:ff8fd4c5-9c36-6492-a2f7-a10fbc6abe98 25dbe9e4-58b7-596c-0d0f-c6274b070d2e
a=connection:new
a=rtpmap:109 OPUS/48000/2
a=rtpmap:0 PCMU/8000
a=rtpmap:8 PCMA/8000
a=rtpmap:101 TELEPHONE-EVENT/8000
a=fmtp:109 maxplaybackrate=48000;stereo=1;useinbandfec=1
a=fmtp:101 0-15
a=crypto:0 AES_CM_128_HMAC_SHA1_80 inline:+PKYYuIEl/kg2Fn7FmfvQTFTfBU8r5uJVkkCzxlz|2^48
a=content:main
a=extmap:1 http://www.ietf.org/id/draft-holmer-rmcat-transport-wide-cc-extensions-01
a=extmap:2 urn:ietf:params:rtp-hdrext:ssrc-audio-level
a=rtcp:39438
a=rtcp-fb:* transport-cc
a=ssrc:1043586698 cname:64751423-9045-4b3d-8329-b32a0268c04b
a=setup:active
m=video 38928 UDP/TLS/RTP/SAVPF 96 120
c=IN IP4 10.47.104.51
b=AS:2048
b=TIAS:2048000
a=sendrecv
a=mid:1
a=msid:ff8fd4c5-9c36-6492-a2f7-a10fbc6abe98 70285a3c-8674-8157-1db9-69966b4db661
a=connection:new
a=rtpmap:96 H264/90000
a=rtpmap:120 RTX/90000
a=fmtp:96 profile-level-id=428014;max-br=3732;max-mbps=245760;max-fs=8192;max-smbps=245760;max-fps=3000
a=fmtp:120 apt=96
a=crypto:0 AES_CM_128_HMAC_SHA1_80 inline:TAOlNuVZBqQzPLXR35PfRVVJANqoSDTbaaVCJu1q|2^48
a=content:main
a=extmap:1 http://www.ietf.org/id/draft-holmer-rmcat-transport-wide-cc-extensions-01
a=rtcp:58334
a=rtcp-fb:* nack
a=rtcp-fb:* nack pli
a=rtcp-fb:* transport-cc
a=rtcp-fb:* goog-remb
a=ssrc:3717289377 cname:e3b77882-2826-41a3-aff0-348e331d00f0
a=ssrc:675953646 cname:e3b77882-2826-41a3-aff0-348e331d00f0
a=ssrc-group:FID 3717289377 675953646
a=setup:active
m=video 53402 UDP/TLS/RTP/SAVPF 96 122
c=IN IP4 10.47.104.51
b=AS:2048
b=TIAS:2048000
a=inactive
a=mid:2
a=connection:new
a=rtpmap:96 H264/90000
a=rtpmap:122 RTX/90000
a=fmtp:96 profile-level-id=428014;max-br=3732;max-mbps=245760;max-fs=8192;max-smbps=245760;max-fps=3000
a=fmtp:122 apt=96
a=crypto:0 AES_CM_128_HMAC_SHA1_80 inline:UKD/256uCfjmilC6JlbZ1xsIO9jd1ZFqLAEb1Mvs|2^48
a=content:slides
a=extmap:1 http://www.ietf.org/id/draft-holmer-rmcat-transport-wide-cc-extensions-01
a=rtcp:36551
a=rtcp-fb:* nack
a=rtcp-fb:* nack pli
a=rtcp-fb:* transport-cc
a=rtcp-fb:* goog-remb
a=ssrc:2452707772 cname:574c9ec4-9803-4474-8b73-e3420ccc973c
a=ssrc:1153684510 cname:574c9ec4-9803-4474-8b73-e3420ccc973c
a=ssrc-group:FID 2452707772 1153684510
a=setup:active
===== end SDP =====
15:04:37.851      dlg0x5b3fa4aeb808  Module mod-invite added as dialog usage, data=0x5b3fa4aef8e8
15:04:37.851      dlg0x5b3fa4aeb808  .Session count inc to 2 by mod-invite
15:04:37.851      dlg0x5b3fa4aeb808  Module mod-100rel added as dialog usage, data=0x5b3fa4b06b20
15:04:37.851      dlg0x5b3fa4aeb808  100rel module attached
15:04:37.851      inv0x5b3fa4aeb808  UAC invite session created for dialog dlg0x5b3fa4aeb808
15:04:37.851             sip_util.c  Request msg INVITE/cseq=30163 (tdta0x5b3fa4b06f88) created.
15:04:37.851      inv0x5b3fa4aeb808  .Sending Request msg INVITE/cseq=30163 (tdta0x5b3fa4b06f88)
15:04:37.851      dlg0x5b3fa4aeb808  ..Sending Request msg INVITE/cseq=30163 (tdta0x5b3fa4b06f88)
15:04:37.851      tsx0x5b3fa4ae95f8  ...Transaction created for Request msg INVITE/cseq=30163 (tdta0x5b3fa4b06f88)
15:04:37.851      tsx0x5b3fa4ae95f8  ..Sending Request msg INVITE/cseq=30163 (tdta0x5b3fa4b06f88) in state Null
15:04:37.851          sip_resolve.c  ...Starting async DNS SRV query: target=_sip._tcp.nightly.pexip.com, transport=TCP, port=0
15:04:37.851 _sip._tcp.nightly.pexi  ...Starting async DNS SRV query_job: target=_sip._tcp.nightly.pexip.com:5060
15:04:37.851             resolver.c  ...Nameserver 127.0.0.53:53 state changed Active --> Probing
15:04:37.851             resolver.c  ...Transmitting 45 bytes to NS 0 (127.0.0.53:53): DNS SRV query for _sip._tcp.nightly.pexip.com: Success
15:04:37.851      tsx0x5b3fa4ae95f8  ...State changed from Null to Calling, event=TX_MSG
15:04:37.851      dlg0x5b3fa4aeb808  ....Transaction tsx0x5b3fa4ae95f8 state changed to Calling
15:04:37.851      inv0x5b3fa4aeb808  .....State changed from NULL to CALLING, event=TSX_STATE
15:04:37.851             resolver.c !Received 116 bytes DNS response from 127.0.0.53:53
15:04:37.851             resolver.c  Nameserver 127.0.0.53:53 state changed Probing --> Active
15:04:37.851 _sip._tcp.nightly.pexi  SRV query_job for _sip._tcp.nightly.pexip.com completed, 1 of 1 total entries selected:
15:04:37.851 _sip._tcp.nightly.pexi   0: SRV 0 0 5060 no-proxy.nightly.pexip.com (10.47.34.16)
15:04:37.851 _sip._tcp.nightly.pexi  Server resolution complete, 1 server entry(s) found
15:04:37.851     tcpc0x7fc88c004628  TCP client transport created
15:04:37.851     tcpc0x7fc88c004628  TCP transport 10.47.104.51:46051 is connecting to 10.47.34.16:5060...
15:04:37.851     tcpc0x7fc88c004628  TCP transport 10.47.104.51:46051 is connected to 10.47.34.16:5060
15:04:37.862         sip_endpoint.c  Processing incoming message: Response msg 100/INVITE/cseq=30163 (rdata0x7fc88c004910)
15:04:37.862      tsx0x5b3fa4ae95f8  .Incoming Response msg 100/INVITE/cseq=30163 (rdata0x7fc88c004910) in state Calling
15:04:37.862      tsx0x5b3fa4ae95f8  ..State changed from Calling to Proceeding, event=RX_MSG
15:04:37.862      dlg0x5b3fa4aeb808  ...Received Response msg 100/INVITE/cseq=30163 (rdata0x7fc88c004910)
15:04:37.862      dlg0x5b3fa4aeb808  ...Transaction tsx0x5b3fa4ae95f8 state changed to Proceeding
15:04:38.236         sip_endpoint.c  Processing incoming message: Response msg 180/INVITE/cseq=30163 (rdata0x7fc88c004910)
15:04:38.236      tsx0x5b3fa4ae95f8  .Incoming Response msg 180/INVITE/cseq=30163 (rdata0x7fc88c004910) in state Proceeding
15:04:38.236      tsx0x5b3fa4ae95f8  ..State changed from Proceeding to Proceeding, event=RX_MSG
15:04:38.236      dlg0x5b3fa4aeb808  ...Received Response msg 180/INVITE/cseq=30163 (rdata0x7fc88c004910)
15:04:38.236      dlg0x5b3fa4aeb808  ....Route-set updated
15:04:38.236      dlg0x5b3fa4aeb808  ...Transaction tsx0x5b3fa4ae95f8 state changed to Proceeding
15:04:38.236      inv0x5b3fa4aeb808  ....State changed from CALLING to EARLY, event=TSX_STATE
15:04:38.470         sip_endpoint.c  Processing incoming message: Response msg 200/INVITE/cseq=30163 (rdata0x7fc88c004910)
15:04:38.470      tsx0x5b3fa4ae95f8  .Incoming Response msg 200/INVITE/cseq=30163 (rdata0x7fc88c004910) in state Proceeding
15:04:38.470      tsx0x5b3fa4ae95f8  ..State changed from Proceeding to Terminated, event=RX_MSG
15:04:38.470      dlg0x5b3fa4aeb808  ...Received Response msg 200/INVITE/cseq=30163 (rdata0x7fc88c004910)
15:04:38.470      dlg0x5b3fa4aeb808  ....Route-set updated
15:04:38.470      dlg0x5b3fa4aeb808  ....Route-set frozen
15:04:38.470      dlg0x5b3fa4aeb808  ...Transaction tsx0x5b3fa4ae95f8 state changed to Terminated
15:04:38.470      inv0x5b3fa4aeb808  ....State changed from EARLY to CONNECTING, event=TSX_STATE
15:04:38.470      inv0x5b3fa4aeb808  ....Got SDP answer in Response msg 200/INVITE/cseq=30163 (rdata0x7fc88c004910)
15:04:38.470      inv0x5b3fa4aeb808  ....SDP negotiation done: Success
15:04:38.470      inv0x5b3fa4aeb808  ....Received Response msg 200/INVITE/cseq=30163 (rdata0x7fc88c004910), sending ACK
15:04:38.470             sip_util.c  ....Request msg ACK/cseq=30163 (tdta0x7fc88c010f08) created.
15:04:38.470      dlg0x5b3fa4aeb808  .....Sending Request msg ACK/cseq=30163 (tdta0x7fc88c010f08)
15:04:38.470          sip_resolve.c  .....Target '10.47.34.16:5060' type=TCP resolved to '10.47.34.16:5060' type=TCP (TCP transport)
15:04:38.471      inv0x5b3fa4aeb808  ....State changed from CONNECTING to CONFIRMED, event=TX_MSG
===== SIP: incoming answer SDP (2170 bytes) =====
v=0
o=- 1779368678 1779368679 IN IP4 10.47.34.16
s=-
c=IN IP4 10.47.34.16
b=AS:7528
t=0 0
m=audio 45360 UDP/TLS/RTP/SAVPF 109 0 8 101
c=IN IP4 10.47.34.16
a=rtpmap:109 opus/48000/2
a=fmtp:109 useinbandfec=1;stereo=0
a=rtpmap:0 PCMU/8000
a=rtpmap:8 PCMA/8000
a=rtpmap:101 telephone-event/8000
a=fmtp:101 0-15
a=rtcp:45361 IN IP4 10.47.34.16
a=sendrecv
a=crypto:0 AES_CM_128_HMAC_SHA1_80 inline:/d6d4gEZdZc4CVrriUq15Okhjr6WHLv5e2+MeWl0|2^48
a=mid:0
a=ssrc:3699876440 cname:98af9b66-ad09-437c-a0a4-4fa1a64a3e46
a=ssrc:3699876440 msid:UNKNOWN cb699fa4-df6b-47e8-92b9-972eb9ad1f76
m=video 45362 UDP/TLS/RTP/SAVPF 96 120
c=IN IP4 10.47.34.16
b=TIAS:3732480
a=rtpmap:96 H264/90000
a=fmtp:96 profile-level-id=428014;max-br=3732;max-mbps=245760;max-fs=8192;max-smbps=245760;max-fps=3000
a=rtpmap:120 rtx/90000
a=fmtp:120 apt=96
a=rtcp:45363 IN IP4 10.47.34.16
a=rtcp-fb:* nack pli
a=rtcp-fb:* nack
a=rtcp-fb:* goog-remb
a=ssrc-group:FID 2308399672 2951216365
a=sendrecv
a=content:main
a=label:11
a=crypto:0 AES_CM_128_HMAC_SHA1_80 inline:ngolWG1jbByktI6rJ3HpWmFAsXxjMwLQmzAM9ofn|2^48
a=mid:1
a=ssrc:2308399672 cname:98af9b66-ad09-437c-a0a4-4fa1a64a3e46
a=ssrc:2308399672 msid:UNKNOWN d950d63c-4631-4787-8eae-4663ef636b57
a=ssrc:2951216365 cname:98af9b66-ad09-437c-a0a4-4fa1a64a3e46
a=ssrc:2951216365 msid:UNKNOWN d950d63c-4631-4787-8eae-4663ef636b57
m=video 45364 UDP/TLS/RTP/SAVPF 96 122
c=IN IP4 10.47.34.16
b=TIAS:3732480
a=rtpmap:96 H264/90000
a=fmtp:96 profile-level-id=428014;max-br=3732;max-mbps=245760;max-fs=8192;max-smbps=245760;max-fps=3000
a=rtpmap:122 rtx/90000
a=fmtp:122 apt=96
a=rtcp:45365 IN IP4 10.47.34.16
a=rtcp-fb:* nack pli
a=rtcp-fb:* nack
a=rtcp-fb:* goog-remb
a=ssrc-group:FID 3923395059 1701720518
a=inactive
a=content:slides
a=label:12
a=crypto:0 AES_CM_128_HMAC_SHA1_80 inline:i86m/sJSmq/I2QwbFz9AaWdJHW3l9pMr4wMG7lX1|2^48
a=mid:2
a=ssrc:3923395059 cname:98af9b66-ad09-437c-a0a4-4fa1a64a3e46
a=ssrc:3923395059 msid:UNKNOWN 0f16c3de-b9b4-44cb-a8c5-566c5d4138f1
a=ssrc:1701720518 cname:98af9b66-ad09-437c-a0a4-4fa1a64a3e46
a=ssrc:1701720518 msid:UNKNOWN 0f16c3de-b9b4-44cb-a8c5-566c5d4138f1
===== end SDP =====
15:04:38.471127 147257 0x7fc88c0157a0 INFO                pulse pulse.c:1842:pulse_setup_stage_2_from_structure:(NULL) [cid:1]
15:04:38.471160 147257 0x7fc88c0157a0 DEBUG     pulse_connection pulse_connection.c:244:pulse_connection_setup_stage2_from_structure:(NULL) [cid:1 sid:1] Response (remote) SDP: v=0
o=- 1779368678 1779368679 IN IP4 10.47.34.16
s=-
c=IN IP4 10.47.34.16
b=AS:7528
t=0 0
m=audio 45360 UDP/TLS/RTP/SAVPF 109 0 8 101
c=IN IP4 10.47.34.16
a=rtpmap:109 opus/48000/2
a=fmtp:109 useinbandfec=1;stereo=0
a=rtpmap:0 PCMU/8000
a=rtpmap:8 PCMA/8000
a=rtpmap:101 telephone-event/8000
a=fmtp:101 0-15
a=rtcp:45361 IN IP4 10.47.34.16
a=sendrecv
a=crypto:0 AES_CM_128_HMAC_SHA1_80 inline:/d6d4gEZdZc4CVrriUq15Okhjr6WHLv5e2+MeWl0|2^48
a=mid:0
a=ssrc:3699876440 cname:98af9b66-ad09-437c-a0a4-4fa1a64a3e46
a=ssrc:3699876440 msid:UNKNOWN cb699fa4-df6b-47e8-92b9-972eb9ad1f76
m=video 45362 UDP/TLS/RTP/SAVPF 96 120
c=IN IP4 10.47.34.16
b=TIAS:3732480
a=rtpmap:96 H264/90000
a=fmtp:96 profile-level-id=428014;max-br=3732;max-mbps=245760;max-fs=8192;max-smbps=245760;max-fps=3000
a=rtpmap:120 rtx/90000
a=fmtp:120 apt=96
a=rtcp:45363 IN IP4 10.47.34.16
a=rtcp-fb:* nack pli
a=rtcp-fb:* nack
a=rtcp-fb:* goog-remb
a=ssrc-group:FID 2308399672 2951216365
a=sendrecv
a=content:main
a=label:11
a=crypto:0 AES_CM_128_HMAC_SHA1_80 inline:ngolWG1jbByktI6rJ3HpWmFAsXxjMwLQmzAM9ofn|2^48
a=mid:1
a=ssrc:2308399672 cname:98af9b66-ad09-437c-a0a4-4fa1a64a3e46
a=ssrc:2308399672 msid:UNKNOWN d950d63c-4631-4787-8eae-4663ef636b57
a=ssrc:2951216365 cname:98af9b66-ad09-437c-a0a4-4fa1a64a3e46
a=ssrc:2951216365 msid:UNKNOWN d950d63c-4631-4787-8eae-4663ef636b57
m=video 45364 UDP/TLS/RTP/SAVPF 96 122
c=IN IP4 10.47.34.16
b=TIAS:3732480
a=rtpmap:96 H264/90000
a=fmtp:96 profile-level-id=428014;max-br=3732;max-mbps=245760;max-fs=8192;max-smbps=245760;max-fps=3000
a=rtpmap:122 rtx/90000
a=fmtp:122 apt=96
a=rtcp:45365 IN IP4 10.47.34.16
a=rtcp-fb:* nack pli
a=rtcp-fb:* nack
a=rtcp-fb:* goog-remb
a=ssrc-group:FID 3923395059 1701720518
a=inactive
a=content:slides
a=label:12
a=crypto:0 AES_CM_128_HMAC_SHA1_80 inline:i86m/sJSmq/I2QwbFz9AaWdJHW3l9pMr4wMG7lX1|2^48
a=mid:2
a=ssrc:3923395059 cname:98af9b66-ad09-437c-a0a4-4fa1a64a3e46
a=ssrc:3923395059 msid:UNKNOWN 0f16c3de-b9b4-44cb-a8c5-566c5d4138f1
a=ssrc:1701720518 cname:98af9b66-ad09-437c-a0a4-4fa1a64a3e46
a=ssrc:1701720518 msid:UNKNOWN 0f16c3de-b9b4-44cb-a8c5-566c5d4138f1

15:04:38.471252 147257 0x7fc88c0157a0 INFO       pmx_util_debug pmxutil.c:927:pmx_util_sdp_get_meta:(NULL) SDP meta parsed: medias_len=3 bundled=0 has_candidates=0 is_trickle_ice=0 has_ice_credentials=0 bundled_candidates=0 bundled_port=0 sections=[[0]={type=audio,content=main,dir=sendrecv,active=1} [1]={type=video,content=main,dir=sendrecv,active=1} [2]={type=video,content=slides,dir=inactive,active=0}]
15:04:38.471268 147257 0x7fc88c0157a0 INFO     pulse_connection pulse_connection.c:279:_pulse_connection_setup_stage2_internal:(NULL) [cid:1 sid:1] stage2 branch decision: bundled=0 n_sections=3 -> taking NON-BUNDLE multi-section path
15:04:38.471276 147257 0x7fc88c0157a0 DEBUG     pulse_connection pulse_connection.c:312:_pulse_connection_setup_stage2_internal:(NULL) [cid:1 sid:1] non-bundle answer with 3 m-section(s); provisioning per-section RTP sessions
15:04:38.471284 147257 0x7fc88c0157a0 INFO pmx_participant_debug pmxparticipant.c:345:pmx_participant_create_rtp_session:(NULL) ParticipantID(0) Create SessionID(31)
15:04:38.471292 147257 0x7fc88c0157a0 DEBUG pmx_sessionbwman_debug pmxsessionbwman.c:168:pmx_session_bw_man_new_full:(NULL) New SessionBWMan@0x7fc88c018d30 SessionID(31)
15:04:38.471309 147257 0x7fc88c0157a0 INFO pmx_sessionbwman_debug pmxsessionbwman.c:320:pmx_session_bw_man_set_participant_max_tx_kbps:(NULL) SessionID(31) Set Participant MaxTxKbps(4096)
15:04:38.471317 147257 0x7fc88c0157a0 INFO pmx_sessionbwman_debug pmxsessionbwman.c:299:pmx_session_bw_man_set_max_tx_kbps:(NULL) SessionID(31) Set MaxTxKbps(4096)
15:04:38.471332 147257 0x7fc88c0157a0 DEBUG            pmx_debug pmxbasesession.c:126:pmx_base_session_init:<PmxRtpSession@0x7fc88c019610> Init BaseSession Pipeline(0x5b3fa3d56d10) ParticipantID(0) SessionID(31)
15:04:38.471341 147257 0x7fc88c0157a0 INFO pmx_rtp_session_debug pmxrtpsession.c:1535:pmx_rtp_session_new:<PmxRtpSession@0x7fc88c019610> New SessionID(31) ParticipantID(0) BWMan(0x7fc88c018d30) StatsMan(0x5b3fa3d65040)
15:04:38.471352 147257 0x7fc88c0157a0 DEBUG       pmx_papa_debug pmxpapa.c:882:pmx_papa_new:(NULL) Papa(0x7fc88c019be0:0) New PmxPapa
15:04:38.471364 147257 0x7fc88c0157a0 DEBUG           pexpapabin pexpapabin.c:357:pex_papa_bin_request_new_pad:<pexpapabin0> Trying to request a pad with name send_sink_0_31
15:04:38.471373 147257 0x7fc88c0157a0 INFO           pexpapabin pexpapabin.c:260:pex_papa_bin_create_recv_pad:<pexpapabin0> create pad send_sink_0_31
15:04:38.471418 147257 0x7fc88c0157a0 DEBUG           pexpapapad pexpapapad.c:573:pex_papa_pad_new:<'':send_sink_0_31> created PapaPad with participant_id = 0 and session_id = 31
15:04:38.471543 147257 0x7fc88c0157a0 DEBUG           pexpapabin papasession.c:1623:papa_session_create_internal_rtp_recv:<pexpapabin0> Set rtp storage memory to 2 ms
15:04:38.471946 147257 0x7fc88c0157a0 DEBUG           pexpapabin papaparticipant.c:97:papa_participant_request_sender:<pexpapabin0> Request sender for session 31
15:04:38.472253 147257 0x7fc88c0157a0 INFO           pexpapabin papaparticipant.c:129:papa_participant_pad_added:<pexpapabin0> got pad rtpbin_0:send_rtp_src_31 from rtpbin (0x5b3fa3ded9f0)
15:04:38.472284 147257 0x7fc88c0157a0 INFO           pexpapabin papaparticipant.c:129:papa_participant_pad_added:<pexpapabin0> got pad rtpbin_0:send_rtp_sink_31 from rtpbin (0x5b3fa3ded9f0)
15:04:38.472445 147257 0x7fc88c0157a0 INFO           pexpapabin papaparticipant.c:129:papa_participant_pad_added:<pexpapabin0> got pad rtpbin_0:send_rtcp_src_31 from rtpbin (0x5b3fa3ded9f0)
15:04:38.472489 147257 0x7fc88c0157a0 DEBUG           pexpapabin papaparticipant.c:82:papa_participant_request_receiver:<pexpapabin0> Request receiver for session 31
15:04:38.472607 147257 0x7fc88c0157a0 INFO           pexpapabin papaparticipant.c:129:papa_participant_pad_added:<pexpapabin0> got pad rtpbin_0:recv_rtp_sink_31 from rtpbin (0x5b3fa3ded9f0)
15:04:38.472649 147257 0x7fc88c0157a0 INFO           pexpapabin papaparticipant.c:129:papa_participant_pad_added:<pexpapabin0> got pad rtpbin_0:recv_rtcp_sink_31 from rtpbin (0x5b3fa3ded9f0)
15:04:38.473589 147257 0x7fc88c0157a0 DEBUG           pexpapabin papaparticipant.c:335:papa_participant_create_session:<pexpapabin0> created a session for participant: 0 with session id: 31
15:04:38.473615 147257 0x7fc88c0157a0 DEBUG           pexpapabin pexpapabin.c:373:pex_papa_bin_request_new_pad:<pexpapabin0> Requested pad pexpapabin0:send_sink_0_31, 0x7fc88c01a180
15:04:38.473895 147257 0x7fc88c0157a0 DEBUG       pmx_papa_debug pmxpapa.c:257:_output_config_event:(NULL) Papa(0x7fc88c019be0:31) GstEvent(PapaSessionConfig, rtcp-interval=(guint64)200000000;)
15:04:38.473911 147257 0x7fc88c0157a0 INFO           pexpapabin pexpapabin.c:209:pex_papa_bin_event_sink:<pexpapabin0> Received event 0x7fc88c0919e0 (PapaSessionConfig) on pad pexpapabin0:send_sink_0_31
15:04:38.473924 147257 0x7fc88c0157a0 INFO           pexpapabin pexpapabin.c:215:pex_papa_bin_event_sink:<pexpapabin0> PapaSessionConfig: PapaSessionConfig, rtcp-interval=(guint64)200000000;
15:04:38.473939 147257 0x7fc88c0157a0 DEBUG       pmx_papa_debug pmxpapa.c:257:_output_config_event:(NULL) Papa(0x7fc88c019be0:31) GstEvent(PapaSessionConfig, transport-stats-notify-interval=(uint)200;)
15:04:38.473949 147257 0x7fc88c0157a0 INFO           pexpapabin pexpapabin.c:209:pex_papa_bin_event_sink:<pexpapabin0> Received event 0x7fc88c0938a0 (PapaSessionConfig) on pad pexpapabin0:send_sink_0_31
15:04:38.473963 147257 0x7fc88c0157a0 INFO           pexpapabin pexpapabin.c:215:pex_papa_bin_event_sink:<pexpapabin0> PapaSessionConfig: PapaSessionConfig, transport-stats-notify-interval=(uint)200;
15:04:38.473979 147257 0x7fc88c0157a0 INFO pmx_rtp_session_debug pmxrtpsession.c:1137:pmx_rtp_session_set_jb_latency:<PmxRtpSession@0x7fc88c019610> SessionID(31) Set JitterBuffer latency(1 ms)
15:04:38.473994 147257 0x7fc88c0157a0 DEBUG           pexpapabin papasession.c:3571:papa_session_latency_changed:<pexpapabin0> Change rtp storage memory to 2 ms
15:04:38.474004 147257 0x7fc88c0157a0 DEBUG           pexpapabin papasession.c:3571:papa_session_latency_changed:<pexpapabin0> Change rtp storage memory to 2 ms
15:04:38.474021 147257 0x7fc88c0157a0 INFO                pulse pulse.c:803:pulse_create_additional_rtp_session:(NULL) [cid:1 sid:1] provisioned additional rtp_session: slot=1 rtp_session=0x7fc88c019610
15:04:38.474031 147257 0x7fc88c0157a0 INFO pmx_participant_debug pmxparticipant.c:345:pmx_participant_create_rtp_session:(NULL) ParticipantID(0) Create SessionID(32)
15:04:38.474040 147257 0x7fc88c0157a0 DEBUG pmx_sessionbwman_debug pmxsessionbwman.c:168:pmx_session_bw_man_new_full:(NULL) New SessionBWMan@0x7fc88c094740 SessionID(32)
15:04:38.474052 147257 0x7fc88c0157a0 INFO pmx_sessionbwman_debug pmxsessionbwman.c:320:pmx_session_bw_man_set_participant_max_tx_kbps:(NULL) SessionID(32) Set Participant MaxTxKbps(4096)
15:04:38.474059 147257 0x5b3fa3d56f40 INFO pmx_sessionbwman_debug pmxsessionbwman.c:422:_notify_new_bitrate_async:(NULL) About to notify new bitrate: 4096000
15:04:38.474062 147257 0x7fc88c0157a0 INFO pmx_sessionbwman_debug pmxsessionbwman.c:299:pmx_session_bw_man_set_max_tx_kbps:(NULL) SessionID(32) Set MaxTxKbps(4096)
15:04:38.474094 147257 0x7fc88c0157a0 DEBUG            pmx_debug pmxbasesession.c:126:pmx_base_session_init:<PmxRtpSession@0x7fc88c094db0> Init BaseSession Pipeline(0x5b3fa3d56d10) ParticipantID(0) SessionID(32)
15:04:38.474105 147257 0x7fc88c0157a0 INFO pmx_rtp_session_debug pmxrtpsession.c:1535:pmx_rtp_session_new:<PmxRtpSession@0x7fc88c094db0> New SessionID(32) ParticipantID(0) BWMan(0x7fc88c094740) StatsMan(0x5b3fa3d65040)
15:04:38.474115 147257 0x7fc88c0157a0 DEBUG       pmx_papa_debug pmxpapa.c:882:pmx_papa_new:(NULL) Papa(0x7fc88c095220:0) New PmxPapa
15:04:38.474126 147257 0x7fc88c0157a0 DEBUG           pexpapabin pexpapabin.c:357:pex_papa_bin_request_new_pad:<pexpapabin0> Trying to request a pad with name send_sink_0_32
15:04:38.474136 147257 0x7fc88c0157a0 INFO           pexpapabin pexpapabin.c:260:pex_papa_bin_create_recv_pad:<pexpapabin0> create pad send_sink_0_32
15:04:38.474161 147257 0x7fc88c0157a0 DEBUG           pexpapapad pexpapapad.c:573:pex_papa_pad_new:<'':send_sink_0_32> created PapaPad with participant_id = 0 and session_id = 32
15:04:38.474264 147257 0x7fc88c0157a0 DEBUG           pexpapabin papasession.c:1623:papa_session_create_internal_rtp_recv:<pexpapabin0> Set rtp storage memory to 2 ms
15:04:38.474647 147257 0x7fc88c0157a0 DEBUG           pexpapabin papaparticipant.c:97:papa_participant_request_sender:<pexpapabin0> Request sender for session 32
15:04:38.474937 147257 0x7fc88c0157a0 INFO           pexpapabin papaparticipant.c:129:papa_participant_pad_added:<pexpapabin0> got pad rtpbin_0:send_rtp_src_32 from rtpbin (0x5b3fa3ded9f0)
15:04:38.474963 147257 0x7fc88c0157a0 INFO           pexpapabin papaparticipant.c:129:papa_participant_pad_added:<pexpapabin0> got pad rtpbin_0:send_rtp_sink_32 from rtpbin (0x5b3fa3ded9f0)
15:04:38.475100 147257 0x7fc88c0157a0 INFO           pexpapabin papaparticipant.c:129:papa_participant_pad_added:<pexpapabin0> got pad rtpbin_0:send_rtcp_src_32 from rtpbin (0x5b3fa3ded9f0)
15:04:38.475144 147257 0x7fc88c0157a0 DEBUG           pexpapabin papaparticipant.c:82:papa_participant_request_receiver:<pexpapabin0> Request receiver for session 32
15:04:38.475264 147257 0x7fc88c0157a0 INFO           pexpapabin papaparticipant.c:129:papa_participant_pad_added:<pexpapabin0> got pad rtpbin_0:recv_rtp_sink_32 from rtpbin (0x5b3fa3ded9f0)
15:04:38.475306 147257 0x7fc88c0157a0 INFO           pexpapabin papaparticipant.c:129:papa_participant_pad_added:<pexpapabin0> got pad rtpbin_0:recv_rtcp_sink_32 from rtpbin (0x5b3fa3ded9f0)
15:04:38.476123 147257 0x7fc88c0157a0 DEBUG           pexpapabin papaparticipant.c:335:papa_participant_create_session:<pexpapabin0> created a session for participant: 0 with session id: 32
15:04:38.476149 147257 0x7fc88c0157a0 DEBUG           pexpapabin pexpapabin.c:373:pex_papa_bin_request_new_pad:<pexpapabin0> Requested pad pexpapabin0:send_sink_0_32, 0x7fc88c095570
15:04:38.476362 147257 0x7fc88c0157a0 DEBUG       pmx_papa_debug pmxpapa.c:257:_output_config_event:(NULL) Papa(0x7fc88c095220:32) GstEvent(PapaSessionConfig, rtcp-interval=(guint64)200000000;)
15:04:38.476379 147257 0x7fc88c0157a0 INFO           pexpapabin pexpapabin.c:209:pex_papa_bin_event_sink:<pexpapabin0> Received event 0x7fc88c10e730 (PapaSessionConfig) on pad pexpapabin0:send_sink_0_32
15:04:38.476396 147257 0x7fc88c0157a0 INFO           pexpapabin pexpapabin.c:215:pex_papa_bin_event_sink:<pexpapabin0> PapaSessionConfig: PapaSessionConfig, rtcp-interval=(guint64)200000000;
15:04:38.476412 147257 0x7fc88c0157a0 DEBUG       pmx_papa_debug pmxpapa.c:257:_output_config_event:(NULL) Papa(0x7fc88c095220:32) GstEvent(PapaSessionConfig, transport-stats-notify-interval=(uint)200;)
15:04:38.476423 147257 0x7fc88c0157a0 INFO           pexpapabin pexpapabin.c:209:pex_papa_bin_event_sink:<pexpapabin0> Received event 0x7fc88c10e7a0 (PapaSessionConfig) on pad pexpapabin0:send_sink_0_32
15:04:38.476433 147257 0x7fc88c0157a0 INFO           pexpapabin pexpapabin.c:215:pex_papa_bin_event_sink:<pexpapabin0> PapaSessionConfig: PapaSessionConfig, transport-stats-notify-interval=(uint)200;
15:04:38.476446 147257 0x7fc88c0157a0 INFO pmx_rtp_session_debug pmxrtpsession.c:1137:pmx_rtp_session_set_jb_latency:<PmxRtpSession@0x7fc88c094db0> SessionID(32) Set JitterBuffer latency(1 ms)
15:04:38.476459 147257 0x7fc88c0157a0 DEBUG           pexpapabin papasession.c:3571:papa_session_latency_changed:<pexpapabin0> Change rtp storage memory to 2 ms
15:04:38.476469 147257 0x7fc88c0157a0 DEBUG           pexpapabin papasession.c:3571:papa_session_latency_changed:<pexpapabin0> Change rtp storage memory to 2 ms
15:04:38.476479 147257 0x7fc88c0157a0 DEBUG           pexpapabin papasession.c:3571:papa_session_latency_changed:<pexpapabin0> Change rtp storage memory to 2 ms
15:04:38.476499 147257 0x7fc88c0157a0 INFO                pulse pulse.c:803:pulse_create_additional_rtp_session:(NULL) [cid:1 sid:1] provisioned additional rtp_session: slot=2 rtp_session=0x7fc88c094db0
15:04:38.476514 147257 0x7fc88c0157a0 INFO       pmx_util_debug pmxutil.c:2119:_setup_from_sdp_internal:(NULL) Setup from SDP Participant=0x5b3fa3d64dd0 RTPSession=0x5b3fa3de9550 DTLSConfig=(nil), RecvSDP=0x5b3fa4aea750 SendSDP=0x7fc88c014a60 RecvCtx=0x5b3fa394aba0 SendCtx=0x5b3fa394b4b8 ExInfo=0x5b3fa394bed8
15:04:38.476533 147257 0x5b3fa3d56f40 INFO pmx_sessionbwman_debug pmxsessionbwman.c:422:_notify_new_bitrate_async:(NULL) About to notify new bitrate: 4096000
15:04:38.476568 147257 0x7fc88c0157a0 INFO       pmx_util_debug pmxutil.c:927:pmx_util_sdp_get_meta:(NULL) SDP meta parsed: medias_len=3 bundled=0 has_candidates=0 is_trickle_ice=0 has_ice_credentials=0 bundled_candidates=0 bundled_port=0 sections=[[0]={type=audio,content=main,dir=sendrecv,active=1} [1]={type=video,content=main,dir=sendrecv,active=1} [2]={type=video,content=slides,dir=inactive,active=0}]
15:04:38.476608 147257 0x7fc88c0157a0 INFO       pmx_util_debug pmxutil.c:927:pmx_util_sdp_get_meta:(NULL) SDP meta parsed: medias_len=3 bundled=0 has_candidates=0 is_trickle_ice=0 has_ice_credentials=0 bundled_candidates=0 bundled_port=0 sections=[[0]={type=audio,content=main,dir=sendrecv,active=1} [1]={type=video,content=main,dir=sendrecv,active=1} [2]={type=video,content=slides,dir=inactive,active=0}]
15:04:38.476708 147257 0x7fc88c0157a0 DEBUG       pmx_util_debug pmxutil.c:287:_parse_ext_ids:(NULL) parsed ExtID TWCC:1 MID:0 RID:0 REP_RID:0 AL:2
15:04:38.476815 147257 0x7fc88c0157a0 DEBUG       pmx_util_debug pmxutil.c:287:_parse_ext_ids:(NULL) parsed ExtID TWCC:1 MID:0 RID:0 REP_RID:0 AL:0
15:04:38.476842 147257 0x7fc88c0157a0 DEBUG       pmx_util_debug pmxutil.c:287:_parse_ext_ids:(NULL) parsed ExtID TWCC:1 MID:0 RID:0 REP_RID:0 AL:0
15:04:38.476918 147257 0x7fc88c0157a0 DEBUG       pmx_util_debug pmxutil.c:287:_parse_ext_ids:(NULL) parsed ExtID TWCC:0 MID:0 RID:0 REP_RID:0 AL:0
15:04:38.476942 147257 0x7fc88c0157a0 DEBUG       pmx_util_debug pmxutil.c:287:_parse_ext_ids:(NULL) parsed ExtID TWCC:0 MID:0 RID:0 REP_RID:0 AL:0
15:04:38.476972 147257 0x7fc88c0157a0 DEBUG       pmx_util_debug pmxutil.c:287:_parse_ext_ids:(NULL) parsed ExtID TWCC:0 MID:0 RID:0 REP_RID:0 AL:0
15:04:38.476996 147257 0x7fc88c0157a0 WARNING       pmx_util_debug pmxutil.c:1439:_validate_parsed_sdps:(NULL) Session extmap-allow-mixed mismatch: recv=yes send=no
15:04:38.477006 147257 0x7fc88c0157a0 WARNING       pmx_util_debug pmxutil.c:1445:_validate_parsed_sdps:(NULL) Session msid-semantic present in recv SDP but not in send
15:04:38.477065 147257 0x7fc88c0157a0 DEBUG       pmx_util_debug pmxutil.c:1639:_configure_pmx_from_parsed:(NULL) Negotiated ext_ids: TWCC:0 MID:0 RID:0 REP_RID:0 AL:0
15:04:38.477075 147257 0x7fc88c0157a0 DEBUG       pmx_util_debug pmxutil.c:1667:_configure_pmx_from_parsed:(NULL) recv mid:0 send_ssrc:0x3e33de8a
15:04:38.477083 147257 0x7fc88c0157a0 DEBUG       pmx_util_debug pmxutil.c:1672:_configure_pmx_from_parsed:(NULL) recv mid:0 adding recv SRTP key
15:04:38.477101 147257 0x7fc88c0157a0 DEBUG       pmx_papa_debug pmxpapa.c:257:_output_config_event:(NULL) Papa(0x5b3fa3deb160:27) GstEvent(PapaSessionConfig, crypto-config=(structure)"crypto-config\,\ srtp-enc-key\=\(string\)\"AES_CM_128_HMAC_SHA1_80\\\ inline:+PKYYuIEl/kg2Fn7FmfvQTFTfBU8r5uJVkkCzxlz\\\|2\\\^48\"\,\ srtcp-enc-key\=\(string\)\"AES_CM_128_HMAC_SHA1_80\\\ inline:+PKYYuIEl/kg2Fn7FmfvQTFTfBU8r5uJVkkCzxlz\\\|2\\\^48\"\;";)
15:04:38.477117 147257 0x7fc88c0157a0 INFO           pexpapabin pexpapabin.c:209:pex_papa_bin_event_sink:<pexpapabin0> Received event 0x7fc88c10e850 (PapaSessionConfig) on pad pexpapabin0:send_sink_0_27
15:04:38.477134 147257 0x7fc88c0157a0 INFO           pexpapabin pexpapabin.c:215:pex_papa_bin_event_sink:<pexpapabin0> PapaSessionConfig: PapaSessionConfig, crypto-config=(structure)"crypto-config\,\ srtp-enc-key\=\(string\)\"AES_CM_128_HMAC_SHA1_80\\\ inline:+PKYYuIEl/kg2Fn7FmfvQTFTfBU8r5uJVkkCzxlz\\\|2\\\^48\"\,\ srtcp-enc-key\=\(string\)\"AES_CM_128_HMAC_SHA1_80\\\ inline:+PKYYuIEl/kg2Fn7FmfvQTFTfBU8r5uJVkkCzxlz\\\|2\\\^48\"\;";
15:04:38.477161 147257 0x7fc88c0157a0 DEBUG       pmx_papa_debug pmxpapa.c:768:_on_enc_sdes:(NULL) Papa(0x5b3fa3deb160:27) Enc SDES GParamSpec(0x5b3fa3deba10), GstPad(pexpapabin0:send_sink_0_27)
15:04:38.477891 147257 0x7fc88c0157a0 INFO pmx_rtp_session_debug pmxrtpsession.c:238:_pmx_rtp_session_add_input:<PmxRtpSession@0x5b3fa3de9550> SessionID(27) Add RTP Input MediaType(audio) InputID(11) MamaInput(0x7fc88c10fa60)
15:04:38.477911 147257 0x7fc88c0157a0 INFO       pmx_util_debug pmxutil.c:1027:pmx_util_set_input_context_active:(NULL) created input_id:11 for media_type:audio content_type:main
15:04:38.477922 147257 0x7fc88c0157a0 INFO       pmx_util_debug pmxutil.c:1033:pmx_util_set_input_context_active:(NULL) activated input:11 for media_type:audio content_type:main 
15:04:38.477932 147257 0x7fc88c0157a0 DEBUG                pulse pulse.c:4679:_pulse_on_rtp_input_state_changed:(NULL) [cid:1] Added RTP input 11 for content_type: 0 and media_type: 1
15:04:38.477942 147257 0x7fc88c0157a0 DEBUG       pmx_util_debug pmxutil.c:1756:_configure_pmx_from_parsed:(NULL) Adding input codec: mid:0 pt:109 codec:OPUS
15:04:38.477952 147257 0x7fc88c0157a0 INFO pmx_rtp_session_debug pmxrtpsession.c:425:pmx_rtp_session_add_input_codec:(NULL) SessionID(27) Add RTP input codec pt(109), codec(OPUS)
15:04:38.477962 147257 0x7fc88c0157a0 DEBUG       pmx_papa_debug pmxpapa.c:1564:pmx_papa_add_input_codec:(NULL) Papa(0x5b3fa3deb160:27) Add input Codec(8:OPUS), pt(109)
15:04:38.477988 147257 0x7fc88c0157a0 DEBUG       pmx_papa_debug pmxpapa.c:257:_output_config_event:(NULL) Papa(0x5b3fa3deb160:27) GstEvent(PapaSessionConfig, caps-list=(GValueArray)< "application/x-rtp\,\ encoding-name\=\(string\)OPUS\,\ media\=\(string\)audio\,\ clock-rate\=\(int\)48000\,\ payload\=\(int\)109\,\ sprop-stereo\=\(string\)0\,\ sprop-maxcapturerate\=\(string\)48000\;" >;)
15:04:38.478005 147257 0x7fc88c0157a0 INFO           pexpapabin pexpapabin.c:209:pex_papa_bin_event_sink:<pexpapabin0> Received event 0x7fc88c175c50 (PapaSessionConfig) on pad pexpapabin0:send_sink_0_27
15:04:38.478031 147257 0x7fc88c0157a0 INFO           pexpapabin pexpapabin.c:215:pex_papa_bin_event_sink:<pexpapabin0> PapaSessionConfig: PapaSessionConfig, caps-list=(GValueArray)< "application/x-rtp\,\ encoding-name\=\(string\)OPUS\,\ media\=\(string\)audio\,\ clock-rate\=\(int\)48000\,\ payload\=\(int\)109\,\ sprop-stereo\=\(string\)0\,\ sprop-maxcapturerate\=\(string\)48000\;" >;
15:04:38.478045 147257 0x7fc88c0157a0 DEBUG           pexpapabin papasession.c:2344:papa_session_update_pt_to_caps_map:<pexpapabin0> Clear caps by pt for session 27
15:04:38.478068 147257 0x7fc88c0157a0 DEBUG       pmx_util_debug pmxutil.c:1756:_configure_pmx_from_parsed:(NULL) Adding input codec: mid:0 pt:0 codec:PCMU
15:04:38.478079 147257 0x7fc88c0157a0 INFO pmx_rtp_session_debug pmxrtpsession.c:425:pmx_rtp_session_add_input_codec:(NULL) SessionID(27) Add RTP input codec pt(0), codec(PCMU)
15:04:38.478089 147257 0x7fc88c0157a0 DEBUG       pmx_papa_debug pmxpapa.c:1564:pmx_papa_add_input_codec:(NULL) Papa(0x5b3fa3deb160:27) Add input Codec(2:PCMU), pt(0)
15:04:38.478108 147257 0x7fc88c0157a0 DEBUG       pmx_papa_debug pmxpapa.c:257:_output_config_event:(NULL) Papa(0x5b3fa3deb160:27) GstEvent(PapaSessionConfig, caps-list=(GValueArray)< "application/x-rtp\,\ encoding-name\=\(string\)PCMU\,\ media\=\(string\)audio\,\ clock-rate\=\(int\)8000\,\ payload\=\(int\)0\;", "application/x-rtp\,\ encoding-name\=\(string\)OPUS\,\ media\=\(string\)audio\,\ clock-rate\=\(int\)48000\,\ payload\=\(int\)109\,\ sprop-stereo\=\(string\)0\,\ sprop-maxcapturerate\=\(string\)48000\;" >;)
15:04:38.478124 147257 0x7fc88c0157a0 INFO           pexpapabin pexpapabin.c:209:pex_papa_bin_event_sink:<pexpapabin0> Received event 0x7fc88c178d10 (PapaSessionConfig) on pad pexpapabin0:send_sink_0_27
15:04:38.478147 147257 0x7fc88c0157a0 INFO           pexpapabin pexpapabin.c:215:pex_papa_bin_event_sink:<pexpapabin0> PapaSessionConfig: PapaSessionConfig, caps-list=(GValueArray)< "application/x-rtp\,\ encoding-name\=\(string\)PCMU\,\ media\=\(string\)audio\,\ clock-rate\=\(int\)8000\,\ payload\=\(int\)0\;", "application/x-rtp\,\ encoding-name\=\(string\)OPUS\,\ media\=\(string\)audio\,\ clock-rate\=\(int\)48000\,\ payload\=\(int\)109\,\ sprop-stereo\=\(string\)0\,\ sprop-maxcapturerate\=\(string\)48000\;" >;
15:04:38.478161 147257 0x7fc88c0157a0 DEBUG           pexpapabin papasession.c:2344:papa_session_update_pt_to_caps_map:<pexpapabin0> Clear caps by pt for session 27
15:04:38.478177 147257 0x7fc88c0157a0 DEBUG       pmx_util_debug pmxutil.c:1756:_configure_pmx_from_parsed:(NULL) Adding input codec: mid:0 pt:8 codec:PCMA
15:04:38.478187 147257 0x7fc88c0157a0 INFO pmx_rtp_session_debug pmxrtpsession.c:425:pmx_rtp_session_add_input_codec:(NULL) SessionID(27) Add RTP input codec pt(8), codec(PCMA)
15:04:38.478196 147257 0x7fc88c0157a0 DEBUG       pmx_papa_debug pmxpapa.c:1564:pmx_papa_add_input_codec:(NULL) Papa(0x5b3fa3deb160:27) Add input Codec(3:PCMA), pt(8)
15:04:38.478214 147257 0x7fc88c0157a0 DEBUG       pmx_papa_debug pmxpapa.c:257:_output_config_event:(NULL) Papa(0x5b3fa3deb160:27) GstEvent(PapaSessionConfig, caps-list=(GValueArray)< "application/x-rtp\,\ encoding-name\=\(string\)PCMU\,\ media\=\(string\)audio\,\ clock-rate\=\(int\)8000\,\ payload\=\(int\)0\;", "application/x-rtp\,\ encoding-name\=\(string\)OPUS\,\ media\=\(string\)audio\,\ clock-rate\=\(int\)48000\,\ payload\=\(int\)109\,\ sprop-stereo\=\(string\)0\,\ sprop-maxcapturerate\=\(string\)48000\;", "application/x-rtp\,\ encoding-name\=\(string\)PCMA\,\ media\=\(string\)audio\,\ clock-rate\=\(int\)8000\,\ payload\=\(int\)8\;" >;)
15:04:38.478229 147257 0x7fc88c0157a0 INFO           pexpapabin pexpapabin.c:209:pex_papa_bin_event_sink:<pexpapabin0> Received event 0x7fc88c176ed0 (PapaSessionConfig) on pad pexpapabin0:send_sink_0_27
15:04:38.478252 147257 0x7fc88c0157a0 INFO           pexpapabin pexpapabin.c:215:pex_papa_bin_event_sink:<pexpapabin0> PapaSessionConfig: PapaSessionConfig, caps-list=(GValueArray)< "application/x-rtp\,\ encoding-name\=\(string\)PCMU\,\ media\=\(string\)audio\,\ clock-rate\=\(int\)8000\,\ payload\=\(int\)0\;", "application/x-rtp\,\ encoding-name\=\(string\)OPUS\,\ media\=\(string\)audio\,\ clock-rate\=\(int\)48000\,\ payload\=\(int\)109\,\ sprop-stereo\=\(string\)0\,\ sprop-maxcapturerate\=\(string\)48000\;", "application/x-rtp\,\ encoding-name\=\(string\)PCMA\,\ media\=\(string\)audio\,\ clock-rate\=\(int\)8000\,\ payload\=\(int\)8\;" >;
15:04:38.478268 147257 0x7fc88c0157a0 DEBUG           pexpapabin papasession.c:2344:papa_session_update_pt_to_caps_map:<pexpapabin0> Clear caps by pt for session 27
15:04:38.478284 147257 0x7fc88c0157a0 DEBUG       pmx_util_debug pmxutil.c:1756:_configure_pmx_from_parsed:(NULL) Adding input codec: mid:0 pt:101 codec:TELEPHONE-EVENT
15:04:38.478294 147257 0x7fc88c0157a0 INFO pmx_rtp_session_debug pmxrtpsession.c:425:pmx_rtp_session_add_input_codec:(NULL) SessionID(27) Add RTP input codec pt(101), codec(TELEPHONE-EVENT)
15:04:38.478303 147257 0x7fc88c0157a0 DEBUG       pmx_papa_debug pmxpapa.c:1564:pmx_papa_add_input_codec:(NULL) Papa(0x5b3fa3deb160:27) Add input Codec(16:TELEPHONE-EVENT), pt(101)
15:04:38.478326 147257 0x7fc88c0157a0 DEBUG       pmx_papa_debug pmxpapa.c:257:_output_config_event:(NULL) Papa(0x5b3fa3deb160:27) GstEvent(PapaSessionConfig, caps-list=(GValueArray)< "application/x-rtp\,\ encoding-name\=\(string\)PCMU\,\ media\=\(string\)audio\,\ clock-rate\=\(int\)8000\,\ payload\=\(int\)0\;", "application/x-rtp\,\ encoding-name\=\(string\)OPUS\,\ media\=\(string\)audio\,\ clock-rate\=\(int\)48000\,\ payload\=\(int\)109\,\ sprop-stereo\=\(string\)0\,\ sprop-maxcapturerate\=\(string\)48000\;", "application/x-rtp\,\ encoding-name\=\(string\)PCMA\,\ media\=\(string\)audio\,\ clock-rate\=\(int\)8000\,\ payload\=\(int\)8\;", "application/x-rtp\,\ encoding-name\=\(string\)TELEPHONE-EVENT\,\ media\=\(string\)audio\,\ clock-rate\=\(int\)48000\,\ payload\=\(int\)101\;" >;)
15:04:38.478344 147257 0x7fc88c0157a0 INFO           pexpapabin pexpapabin.c:209:pex_papa_bin_event_sink:<pexpapabin0> Received event 0x7fc88c179850 (PapaSessionConfig) on pad pexpapabin0:send_sink_0_27
15:04:38.478370 147257 0x7fc88c0157a0 INFO           pexpapabin pexpapabin.c:215:pex_papa_bin_event_sink:<pexpapabin0> PapaSessionConfig: PapaSessionConfig, caps-list=(GValueArray)< "application/x-rtp\,\ encoding-name\=\(string\)PCMU\,\ media\=\(string\)audio\,\ clock-rate\=\(int\)8000\,\ payload\=\(int\)0\;", "application/x-rtp\,\ encoding-name\=\(string\)OPUS\,\ media\=\(string\)audio\,\ clock-rate\=\(int\)48000\,\ payload\=\(int\)109\,\ sprop-stereo\=\(string\)0\,\ sprop-maxcapturerate\=\(string\)48000\;", "application/x-rtp\,\ encoding-name\=\(string\)PCMA\,\ media\=\(string\)audio\,\ clock-rate\=\(int\)8000\,\ payload\=\(int\)8\;", "application/x-rtp\,\ encoding-name\=\(string\)TELEPHONE-EVENT\,\ media\=\(string\)audio\,\ clock-rate\=\(int\)48000\,\ payload\=\(int\)101\;" >;
15:04:38.478387 147257 0x7fc88c0157a0 DEBUG           pexpapabin papasession.c:2344:papa_session_update_pt_to_caps_map:<pexpapabin0> Clear caps by pt for session 27
15:04:38.478409 147257 0x7fc88c0157a0 DEBUG       pmx_util_debug pmxutil.c:1774:_configure_pmx_from_parsed:(NULL) send mid:0 recv_ssrc:0xdc87a258
15:04:38.478419 147257 0x7fc88c0157a0 DEBUG       pmx_util_debug pmxutil.c:1779:_configure_pmx_from_parsed:(NULL) send mid:0 adding send SRTP key
15:04:38.478434 147257 0x7fc88c0157a0 DEBUG       pmx_papa_debug pmxpapa.c:257:_output_config_event:(NULL) Papa(0x5b3fa3deb160:27) GstEvent(PapaSessionConfig, crypto-config=(structure)"crypto-config\,\ srtp-dec-key\=\(string\)\"AES_CM_128_HMAC_SHA1_80\\\ inline:/d6d4gEZdZc4CVrriUq15Okhjr6WHLv5e2+MeWl0\\\|2\\\^48\"\,\ srtcp-dec-key\=\(string\)\"AES_CM_128_HMAC_SHA1_80\\\ inline:/d6d4gEZdZc4CVrriUq15Okhjr6WHLv5e2+MeWl0\\\|2\\\^48\"\;";)
15:04:38.478447 147257 0x7fc88c0157a0 INFO           pexpapabin pexpapabin.c:209:pex_papa_bin_event_sink:<pexpapabin0> Received event 0x7fc88c179850 (PapaSessionConfig) on pad pexpapabin0:send_sink_0_27
15:04:38.478461 147257 0x7fc88c0157a0 INFO           pexpapabin pexpapabin.c:215:pex_papa_bin_event_sink:<pexpapabin0> PapaSessionConfig: PapaSessionConfig, crypto-config=(structure)"crypto-config\,\ srtp-dec-key\=\(string\)\"AES_CM_128_HMAC_SHA1_80\\\ inline:/d6d4gEZdZc4CVrriUq15Okhjr6WHLv5e2+MeWl0\\\|2\\\^48\"\,\ srtcp-dec-key\=\(string\)\"AES_CM_128_HMAC_SHA1_80\\\ inline:/d6d4gEZdZc4CVrriUq15Okhjr6WHLv5e2+MeWl0\\\|2\\\^48\"\;";
15:04:38.478482 147257 0x7fc88c0157a0 DEBUG       pmx_papa_debug pmxpapa.c:784:_on_dec_sdes:(NULL) Papa(0x5b3fa3deb160:27) Dec SDES GParamSpec(0x5b3fa3debac0), GstPad(pexpapabin0:send_sink_0_27)
15:04:38.478497 147257 0x7fc88c0157a0 DEBUG       pmx_util_debug pmxutil.c:1852:_configure_pmx_from_parsed:(NULL) Adding output codec mid:0 pt:109 codec:OPUS
15:04:38.478506 147257 0x7fc88c0157a0 INFO pmx_rtp_session_debug pmxrtpsession.c:438:pmx_rtp_session_add_output_codec:(NULL) SessionID(27) Add RTP output codec PayloadType(109), Codec(8:OPUS)
15:04:38.478518 147257 0x7fc88c0157a0 DEBUG  pmx_codec_obj_debug pmxcodecobj.c:79:pmx_codec_obj_new:(NULL) Created new CodecObj(0x7fc88c172300) Codec(8:OPUS) CodecID(8) ClockRate(48000) Payload(255)
15:04:38.478528 147257 0x7fc88c0157a0 DEBUG  pmx_codec_obj_debug pmxcodecobj.c:222:pmx_codec_obj_set_payload_type:(NULL) About to set payload-type: 109 for CodecObj(0x7fc88c172300) Codec(8:OPUS) CodecID(8) ClockRate(48000) Payload(255)
15:04:38.478538 147257 0x7fc88c0157a0 DEBUG  pmx_codec_obj_debug pmxcodecobj.c:163:pmx_codec_obj_set_id:(NULL) About to set codec-id: 31 for CodecObj(0x7fc88c172300) Codec(8:OPUS) CodecID(8) ClockRate(48000) Payload(109)
15:04:38.478546 147257 0x7fc88c0157a0 INFO pmx_rtp_session_debug pmxrtpsession.c:449:pmx_rtp_session_add_output_codec:(NULL) SessionID(27) Generated new codec object with CodecID(31) Payload(109)
15:04:38.478555 147257 0x7fc88c0157a0 WARNING       pmx_util_debug pmxutil.c:1857:_configure_pmx_from_parsed:(NULL) Skipping output codec (codec already set) mid:0 pt:0 codec:PCMU
15:04:38.478563 147257 0x7fc88c0157a0 WARNING       pmx_util_debug pmxutil.c:1857:_configure_pmx_from_parsed:(NULL) Skipping output codec (codec already set) mid:0 pt:8 codec:PCMA
15:04:38.478572 147257 0x7fc88c0157a0 WARNING       pmx_util_debug pmxutil.c:1857:_configure_pmx_from_parsed:(NULL) Skipping output codec (codec already set) mid:0 pt:101 codec:TELEPHONE-EVENT
15:04:38.478581 147257 0x7fc88c0157a0 INFO pmx_rtp_session_debug pmxrtpsession.c:699:_pmx_rtp_session_add_output:(NULL) SessionID(27) Add RTP output MediaType(audio), OutputID(12)
15:04:38.478654 147257 0x7fc88c0157a0 DEBUG       pmx_papa_debug pmxpapa.c:290:pmx_papa_set_ssrc_and_media_type_for_output_id:(NULL) Papa(0x5b3fa3deb160:27) Set SSRC=(0x00000000 - 0) MediaType(1) for OutputID(12)
15:04:38.478683 147257 0x7fc88c0157a0 INFO       pmx_util_debug pmxutil.c:1077:pmx_util_set_output_context_active:(NULL) created output_id:12 for media_type:audio content_type:main codec_id:31
15:04:38.478694 147257 0x7fc88c0157a0 INFO       pmx_util_debug pmxutil.c:1085:pmx_util_set_output_context_active:(NULL) activated output_id:12 for media_type:audio content_type:main codec_id:31
15:04:38.478705 147257 0x7fc88c0157a0 DEBUG          pulse_bwman pulse_bwman.c:104:pulse_bw_man_register_output:(NULL) [cid:1] Registered output_id: 12, media_type: 1, content_type: 0
15:04:38.478714 147257 0x7fc88c0157a0 DEBUG       pmx_util_debug pmxutil.c:1915:_configure_pmx_from_parsed:(NULL) Bandwidth: max_kbps:7464 (session TIAS:0 AS:7528 medias TIAS:7464 AS:0)
15:04:38.478722 147257 0x7fc88c0157a0 DEBUG       pmx_util_debug pmxutil.c:1928:_configure_pmx_from_parsed:(NULL) Setting input/output RTP info (SSRCs and MID/RID)
15:04:38.478731 147257 0x7fc88c0157a0 INFO pmx_rtp_session_debug pmxrtpsession.c:348:pmx_rtp_session_set_input_ssrc:<PmxRtpSession@0x5b3fa3de9550> SessionID(27) Set Input SSRC. NewSSRC(0xdc87a258) InputID(11)
15:04:38.478780 147257 0x7fc88c0157a0 DEBUG       pmx_papa_debug pmxpapa.c:198:pmx_papa_add_input_id_for_ssrc:(NULL) Adding input id 11 for SSRC=0xdc87a258 (3699876440)
15:04:38.478822 147257 0x7fc88c0157a0 INFO pmx_rtp_session_debug pmxrtpsession.c:371:pmx_rtp_session_set_output_ssrc:<PmxRtpSession@0x5b3fa3de9550> SessionID(27) Set Output SSRC. NewSSRC(0x3e33de8a) OutputID(12)
15:04:38.478834 147257 0x7fc88c0157a0 DEBUG       pmx_papa_debug pmxpapa.c:290:pmx_papa_set_ssrc_and_media_type_for_output_id:(NULL) Papa(0x5b3fa3deb160:27) Set SSRC=(0x3e33de8a - 1043586698) MediaType(1) for OutputID(12)
15:04:38.478852 147257 0x7fc88c0157a0 DEBUG       pmx_util_debug pmxutil.c:1937:_configure_pmx_from_parsed:(NULL) ex_info: recv:[audio:[ssrc:3699876440] v-main:[ssrc:0 rtx:0 fec:0] v-preso:[ssrc:0 rtx:0 fec:0]] send:[audio:[ssrc:1043586698] v-main:[ssrc:0 rtx:0 fec:0] v-preso:[ssrc:0 rtx:0 fec:0]]
15:04:38.478864 147257 0x7fc88c0157a0 DEBUG       pmx_util_debug pmxutil.c:1949:_configure_pmx_from_parsed:(NULL) Configuring RTX: recv:0 send:0
15:04:38.478874 147257 0x7fc88c0157a0 DEBUG       pmx_util_debug pmxutil.c:1956:_configure_pmx_from_parsed:(NULL) Configuring FEC: recv:0 send:0
15:04:38.478883 147257 0x7fc88c0157a0 DEBUG       pmx_util_debug pmxutil.c:1976:_configure_pmx_from_parsed:(NULL) Skipping ports/ICE setup: session is in app-transport mode
15:04:38.478898 147257 0x7fc88c0157a0 INFO     pulse_connection pulse_connection.c:337:_pulse_connection_setup_stage2_internal:(NULL) [cid:1 sid:1] setup_from_sdp_section(0) ok: rtp_session=0x5b3fa3de9550 recv_ctx.num_entries=1 send_ctx.num_entries=1
15:04:38.478910 147257 0x7fc88c0157a0 DEBUG     pulse_connection pulse_connection.c:348:_pulse_connection_setup_stage2_internal:(NULL) [cid:1 sid:1] stream[0] labeled as content=0 type=0 for app_transport routing
15:04:38.478922 147257 0x7fc88c0157a0 INFO       pmx_util_debug pmxutil.c:2119:_setup_from_sdp_internal:(NULL) Setup from SDP Participant=0x5b3fa3d64dd0 RTPSession=0x7fc88c019610 DTLSConfig=(nil), RecvSDP=0x5b3fa4aea750 SendSDP=0x7fc88c014a60 RecvCtx=0x5b3fa394bf20 SendCtx=0x5b3fa394c838 ExInfo=0x5b3fa394d258
15:04:38.478959 147257 0x7fc88c0157a0 INFO       pmx_util_debug pmxutil.c:927:pmx_util_sdp_get_meta:(NULL) SDP meta parsed: medias_len=3 bundled=0 has_candidates=0 is_trickle_ice=0 has_ice_credentials=0 bundled_candidates=0 bundled_port=0 sections=[[0]={type=audio,content=main,dir=sendrecv,active=1} [1]={type=video,content=main,dir=sendrecv,active=1} [2]={type=video,content=slides,dir=inactive,active=0}]
15:04:38.478995 147257 0x7fc88c0157a0 INFO       pmx_util_debug pmxutil.c:927:pmx_util_sdp_get_meta:(NULL) SDP meta parsed: medias_len=3 bundled=0 has_candidates=0 is_trickle_ice=0 has_ice_credentials=0 bundled_candidates=0 bundled_port=0 sections=[[0]={type=audio,content=main,dir=sendrecv,active=1} [1]={type=video,content=main,dir=sendrecv,active=1} [2]={type=video,content=slides,dir=inactive,active=0}]
15:04:38.479047 147257 0x7fc88c0157a0 DEBUG       pmx_util_debug pmxutil.c:287:_parse_ext_ids:(NULL) parsed ExtID TWCC:1 MID:0 RID:0 REP_RID:0 AL:2
15:04:38.479078 147257 0x7fc88c0157a0 DEBUG       pmx_util_debug pmxutil.c:287:_parse_ext_ids:(NULL) parsed ExtID TWCC:1 MID:0 RID:0 REP_RID:0 AL:0
15:04:38.479106 147257 0x7fc88c0157a0 DEBUG       pmx_util_debug pmxutil.c:287:_parse_ext_ids:(NULL) parsed ExtID TWCC:1 MID:0 RID:0 REP_RID:0 AL:0
15:04:38.479149 147257 0x7fc88c0157a0 DEBUG       pmx_util_debug pmxutil.c:287:_parse_ext_ids:(NULL) parsed ExtID TWCC:0 MID:0 RID:0 REP_RID:0 AL:0
15:04:38.479172 147257 0x7fc88c0157a0 DEBUG       pmx_util_debug pmxutil.c:287:_parse_ext_ids:(NULL) parsed ExtID TWCC:0 MID:0 RID:0 REP_RID:0 AL:0
15:04:38.479195 147257 0x7fc88c0157a0 DEBUG       pmx_util_debug pmxutil.c:287:_parse_ext_ids:(NULL) parsed ExtID TWCC:0 MID:0 RID:0 REP_RID:0 AL:0
15:04:38.479220 147257 0x7fc88c0157a0 WARNING       pmx_util_debug pmxutil.c:1439:_validate_parsed_sdps:(NULL) Session extmap-allow-mixed mismatch: recv=yes send=no
15:04:38.479229 147257 0x7fc88c0157a0 WARNING       pmx_util_debug pmxutil.c:1445:_validate_parsed_sdps:(NULL) Session msid-semantic present in recv SDP but not in send
15:04:38.479250 147257 0x7fc88c0157a0 DEBUG       pmx_util_debug pmxutil.c:1639:_configure_pmx_from_parsed:(NULL) Negotiated ext_ids: TWCC:0 MID:0 RID:0 REP_RID:0 AL:0
15:04:38.479260 147257 0x7fc88c0157a0 DEBUG       pmx_util_debug pmxutil.c:1667:_configure_pmx_from_parsed:(NULL) recv mid:1 send_ssrc:0xdd9155a1
15:04:38.479268 147257 0x7fc88c0157a0 DEBUG       pmx_util_debug pmxutil.c:1672:_configure_pmx_from_parsed:(NULL) recv mid:1 adding recv SRTP key
15:04:38.479283 147257 0x7fc88c0157a0 DEBUG       pmx_papa_debug pmxpapa.c:257:_output_config_event:(NULL) Papa(0x7fc88c019be0:31) GstEvent(PapaSessionConfig, crypto-config=(structure)"crypto-config\,\ srtp-enc-key\=\(string\)\"AES_CM_128_HMAC_SHA1_80\\\ inline:TAOlNuVZBqQzPLXR35PfRVVJANqoSDTbaaVCJu1q\\\|2\\\^48\"\,\ srtcp-enc-key\=\(string\)\"AES_CM_128_HMAC_SHA1_80\\\ inline:TAOlNuVZBqQzPLXR35PfRVVJANqoSDTbaaVCJu1q\\\|2\\\^48\"\;";)
15:04:38.479298 147257 0x7fc88c0157a0 INFO           pexpapabin pexpapabin.c:209:pex_papa_bin_event_sink:<pexpapabin0> Received event 0x7fc88c112690 (PapaSessionConfig) on pad pexpapabin0:send_sink_0_31
15:04:38.479313 147257 0x7fc88c0157a0 INFO           pexpapabin pexpapabin.c:215:pex_papa_bin_event_sink:<pexpapabin0> PapaSessionConfig: PapaSessionConfig, crypto-config=(structure)"crypto-config\,\ srtp-enc-key\=\(string\)\"AES_CM_128_HMAC_SHA1_80\\\ inline:TAOlNuVZBqQzPLXR35PfRVVJANqoSDTbaaVCJu1q\\\|2\\\^48\"\,\ srtcp-enc-key\=\(string\)\"AES_CM_128_HMAC_SHA1_80\\\ inline:TAOlNuVZBqQzPLXR35PfRVVJANqoSDTbaaVCJu1q\\\|2\\\^48\"\;";
15:04:38.479336 147257 0x7fc88c0157a0 DEBUG       pmx_papa_debug pmxpapa.c:768:_on_enc_sdes:(NULL) Papa(0x7fc88c019be0:31) Enc SDES GParamSpec(0x5b3fa3deba10), GstPad(pexpapabin0:send_sink_0_31)
15:04:38.480409 147257 0x5b3fa3d56f40 DEBUG        pmx_bus_debug pmxbus.c:106:msg_handler_handle_message:(NULL) Trigger callback for SrcName(fakesink3) on latency change
15:04:38.480431 147257 0x5b3fa3d56f40 DEBUG   pmx_pipeline_debug pmxpipeline.c:116:_on_latency_change:<pmxpipeline> latency changed in fakesink3
15:04:38.480608 147257 0x5b3fa3d56f40 DEBUG           pexpapapad pexpapapad.c:218:pex_papa_pad_event_probe:<pexpapabin0:send_sink_0_27> latency event: 0x7fc8f000c160, time 99:99:99.999999999, seq-num 2214, GstEventLatency, latency=(guint64)0;
15:04:38.480639 147257 0x5b3fa3d56f40 WARNING             pipeline gstpipeline.c:760:gst_pipeline_do_latency:<pmxpipeline> did not really configure latency of 0:00:00.000000000
15:04:38.480857 147257 0x7fc88c0157a0 INFO pmx_rtp_session_debug pmxrtpsession.c:238:_pmx_rtp_session_add_input:<PmxRtpSession@0x7fc88c019610> SessionID(31) Add RTP Input MediaType(video) InputID(13) MamaInput(0x7fc88c1470d0)
15:04:38.480876 147257 0x7fc88c0157a0 INFO       pmx_util_debug pmxutil.c:1027:pmx_util_set_input_context_active:(NULL) created input_id:13 for media_type:video content_type:main
15:04:38.480894 147257 0x7fc88c0157a0 INFO       pmx_util_debug pmxutil.c:1033:pmx_util_set_input_context_active:(NULL) activated input:13 for media_type:video content_type:main 
15:04:38.480905 147257 0x7fc88c0157a0 DEBUG                pulse pulse.c:4679:_pulse_on_rtp_input_state_changed:(NULL) [cid:1] Added RTP input 13 for content_type: 0 and media_type: 2
15:04:38.480917 147257 0x7fc88c0157a0 INFO            pmx_debug pmx.c:1083:pmx_root_set_parsed_perfect_stream:<PmxRoot@0x5b3fa3951f20> Set parsed stream InputID(13), Enable(TRUE)
15:04:38.480931 147257 0x7fc88c0157a0 INFO            pmx_debug pmx.c:2305:pmx_root_set_video_producer_max_queue_size:<PmxRoot@0x5b3fa3951f20> Set video producer max-queue-size -1 for InputID(13)
15:04:38.480949 147257 0x7fc88c0157a0 DEBUG       pmx_util_debug pmxutil.c:1756:_configure_pmx_from_parsed:(NULL) Adding input codec: mid:1 pt:96 codec:H264
15:04:38.480960 147257 0x7fc88c0157a0 INFO pmx_rtp_session_debug pmxrtpsession.c:425:pmx_rtp_session_add_input_codec:(NULL) SessionID(31) Add RTP input codec pt(96), codec(H264)
15:04:38.480970 147257 0x7fc88c0157a0 DEBUG       pmx_papa_debug pmxpapa.c:1564:pmx_papa_add_input_codec:(NULL) Papa(0x7fc88c019be0:31) Add input Codec(22:H264), pt(96)
15:04:38.480989 147257 0x7fc88c0157a0 DEBUG       pmx_papa_debug pmxpapa.c:257:_output_config_event:(NULL) Papa(0x7fc88c019be0:31) GstEvent(PapaSessionConfig, caps-list=(GValueArray)< "application/x-rtp\,\ encoding-name\=\(string\)H264\,\ media\=\(string\)video\,\ clock-rate\=\(int\)90000\,\ payload\=\(int\)96\,\ rtcp-fb-nack-pli\=\(boolean\)true\;" >;)
15:04:38.481004 147257 0x7fc88c0157a0 INFO           pexpapabin pexpapabin.c:209:pex_papa_bin_event_sink:<pexpapabin0> Received event 0x7fc88c1a25d0 (PapaSessionConfig) on pad pexpapabin0:send_sink_0_31
15:04:38.481020 147257 0x7fc88c0157a0 INFO           pexpapabin pexpapabin.c:215:pex_papa_bin_event_sink:<pexpapabin0> PapaSessionConfig: PapaSessionConfig, caps-list=(GValueArray)< "application/x-rtp\,\ encoding-name\=\(string\)H264\,\ media\=\(string\)video\,\ clock-rate\=\(int\)90000\,\ payload\=\(int\)96\,\ rtcp-fb-nack-pli\=\(boolean\)true\;" >;
15:04:38.481032 147257 0x7fc88c0157a0 DEBUG           pexpapabin papasession.c:2344:papa_session_update_pt_to_caps_map:<pexpapabin0> Clear caps by pt for session 31
15:04:38.481048 147257 0x7fc88c0157a0 DEBUG       pmx_util_debug pmxutil.c:1734:_configure_pmx_from_parsed:(NULL) recv mid:1 queuing RTX pt:120 target_pt:96
15:04:38.481058 147257 0x7fc88c0157a0 DEBUG       pmx_util_debug pmxutil.c:1774:_configure_pmx_from_parsed:(NULL) send mid:1 recv_ssrc:0x89976238
15:04:38.481067 147257 0x7fc88c0157a0 DEBUG       pmx_util_debug pmxutil.c:1779:_configure_pmx_from_parsed:(NULL) send mid:1 adding send SRTP key
15:04:38.481087 147257 0x7fc88c0157a0 DEBUG       pmx_papa_debug pmxpapa.c:257:_output_config_event:(NULL) Papa(0x7fc88c019be0:31) GstEvent(PapaSessionConfig, crypto-config=(structure)"crypto-config\,\ srtp-dec-key\=\(string\)\"AES_CM_128_HMAC_SHA1_80\\\ inline:ngolWG1jbByktI6rJ3HpWmFAsXxjMwLQmzAM9ofn\\\|2\\\^48\"\,\ srtcp-dec-key\=\(string\)\"AES_CM_128_HMAC_SHA1_80\\\ inline:ngolWG1jbByktI6rJ3HpWmFAsXxjMwLQmzAM9ofn\\\|2\\\^48\"\;";)
15:04:38.481102 147257 0x7fc88c0157a0 INFO           pexpapabin pexpapabin.c:209:pex_papa_bin_event_sink:<pexpapabin0> Received event 0x7fc88c1a25d0 (PapaSessionConfig) on pad pexpapabin0:send_sink_0_31
15:04:38.481118 147257 0x7fc88c0157a0 INFO           pexpapabin pexpapabin.c:215:pex_papa_bin_event_sink:<pexpapabin0> PapaSessionConfig: PapaSessionConfig, crypto-config=(structure)"crypto-config\,\ srtp-dec-key\=\(string\)\"AES_CM_128_HMAC_SHA1_80\\\ inline:ngolWG1jbByktI6rJ3HpWmFAsXxjMwLQmzAM9ofn\\\|2\\\^48\"\,\ srtcp-dec-key\=\(string\)\"AES_CM_128_HMAC_SHA1_80\\\ inline:ngolWG1jbByktI6rJ3HpWmFAsXxjMwLQmzAM9ofn\\\|2\\\^48\"\;";
15:04:38.481138 147257 0x7fc88c0157a0 DEBUG       pmx_papa_debug pmxpapa.c:784:_on_dec_sdes:(NULL) Papa(0x7fc88c019be0:31) Dec SDES GParamSpec(0x5b3fa3debac0), GstPad(pexpapabin0:send_sink_0_31)
15:04:38.481154 147257 0x7fc88c0157a0 DEBUG       pmx_util_debug pmxutil.c:1852:_configure_pmx_from_parsed:(NULL) Adding output codec mid:1 pt:96 codec:H264
15:04:38.481164 147257 0x7fc88c0157a0 INFO pmx_rtp_session_debug pmxrtpsession.c:438:pmx_rtp_session_add_output_codec:(NULL) SessionID(31) Add RTP output codec PayloadType(96), Codec(22:H264)
15:04:38.481175 147257 0x7fc88c0157a0 DEBUG  pmx_codec_obj_debug pmxcodecobj.c:79:pmx_codec_obj_new:(NULL) Created new CodecObj(0x7fc88c1a3960) Codec(22:H264) CodecID(22) ClockRate(90000) Payload(255)
15:04:38.481185 147257 0x7fc88c0157a0 DEBUG  pmx_codec_obj_debug pmxcodecobj.c:222:pmx_codec_obj_set_payload_type:(NULL) About to set payload-type: 96 for CodecObj(0x7fc88c1a3960) Codec(22:H264) CodecID(22) ClockRate(90000) Payload(255)
15:04:38.481194 147257 0x7fc88c0157a0 DEBUG  pmx_codec_obj_debug pmxcodecobj.c:163:pmx_codec_obj_set_id:(NULL) About to set codec-id: 32 for CodecObj(0x7fc88c1a3960) Codec(22:H264) CodecID(22) ClockRate(90000) Payload(96)
15:04:38.481205 147257 0x7fc88c0157a0 INFO pmx_rtp_session_debug pmxrtpsession.c:449:pmx_rtp_session_add_output_codec:(NULL) SessionID(31) Generated new codec object with CodecID(32) Payload(96)
15:04:38.481217 147257 0x7fc88c0157a0 DEBUG       pmx_util_debug pmxutil.c:1831:_configure_pmx_from_parsed:(NULL) send mid:1 queuing RTX pt:120 target_pt:96
15:04:38.481228 147257 0x7fc88c0157a0 INFO pmx_rtp_session_debug pmxrtpsession.c:699:_pmx_rtp_session_add_output:(NULL) SessionID(31) Add RTP output MediaType(video), OutputID(14)
15:04:38.481276 147257 0x7fc88c0157a0 INFO pmx_sessionbwman_debug pmxsessionbwman.c:350:pmx_session_bw_man_create_stream_bw_man:(NULL) Create StreamBWMan SessionID(31) OutputID(14)
15:04:38.481287 147257 0x7fc88c0157a0 INFO pmx_sessionbwman_debug pmxbwdispatcher.c:62:pmx_bw_dispatcher_create_stream:(NULL) Create StreamBWMan SessionID(31) OutputID(14)
15:04:38.481319 147257 0x7fc88c0157a0 DEBUG pmx_streambwman_debug pmxstreambwman.c:42:pmx_stream_bw_man_new:(NULL) New StreamBWMan@0x7fc88c1a49b0 OutputID(14)
15:04:38.481329 147257 0x7fc88c0157a0 DEBUG pmx_sessionbwman_debug pmxbwdispatcher.c:205:pmx_bw_dispatcher_distribute_tx_bw:(NULL) SessionID(31) Available Bandwidth(4096)
15:04:38.481339 147257 0x7fc88c0157a0 DEBUG pmx_sessionbwman_debug pmxbwdispatcher.c:255:pmx_bw_dispatcher_distribute_tx_bw:(NULL) SessionID(31) Apportioning bandwidth. DynamicStreams(1), AvailableBW(4096)
15:04:38.481349 147257 0x7fc88c0157a0 DEBUG     pmxbwapportioner pmxbwapportioner.c:222:pmx_bw_apportioner_apportion:(NULL) Apportioning 4096 kbps across 1 entries
15:04:38.481358 147257 0x7fc88c0157a0 DEBUG     pmxbwapportioner pmxbwapportioner.c:238:pmx_bw_apportioner_apportion:(NULL) Total min=0 kbps, total weight=1
15:04:38.481367 147257 0x7fc88c0157a0 DEBUG     pmxbwapportioner pmxbwapportioner.c:295:pmx_bw_apportioner_apportion:(NULL) After minimums: remainder=4096 kbps
15:04:38.481376 147257 0x7fc88c0157a0 INFO     pmxbwapportioner pmxbwapportioner.c:374:pmx_bw_apportioner_apportion:(NULL) Result: output_id=14 content_type=0 allocated=4096 kbps
15:04:38.481385 147257 0x7fc88c0157a0 INFO pmx_streambwman_debug pmxstreambwman.c:68:pmx_stream_bw_man_set_max_tx_kbps:(NULL) OutputID(14) Set MaxTxKbps(4096)
15:04:38.481399 147257 0x7fc88c0157a0 DEBUG pmx_sessionbwman_debug pmxbwdispatcher.c:267:pmx_bw_dispatcher_distribute_tx_bw:(NULL) SessionID(31) OutputID(14) allocated 4096 kbps
15:04:38.481429 147257 0x7fc88c0157a0 DEBUG       pmx_papa_debug pmxpapa.c:290:pmx_papa_set_ssrc_and_media_type_for_output_id:(NULL) Papa(0x7fc88c019be0:31) Set SSRC=(0x00000000 - 0) MediaType(2) for OutputID(14)
15:04:38.481459 147257 0x7fc88c0157a0 INFO       pmx_util_debug pmxutil.c:1077:pmx_util_set_output_context_active:(NULL) created output_id:14 for media_type:video content_type:main codec_id:32
15:04:38.481475 147257 0x7fc88c0157a0 INFO       pmx_util_debug pmxutil.c:1085:pmx_util_set_output_context_active:(NULL) activated output_id:14 for media_type:video content_type:main codec_id:32
15:04:38.481485 147257 0x7fc88c0157a0 DEBUG          pulse_bwman pulse_bwman.c:104:pulse_bw_man_register_output:(NULL) [cid:1] Registered output_id: 14, media_type: 2, content_type: 0
15:04:38.481494 147257 0x7fc88c0157a0 DEBUG          pulse_bwman pulse_bwman.c:115:pulse_bw_man_register_output:(NULL) [cid:1] New RTP output (14) for video added, adding video-bucket
15:04:38.481505 147257 0x7fc88c0157a0 INFO            pmx_debug pmx.c:810:pmx_root_set_video_bucket:<PmxRoot@0x5b3fa3951f20> Set Video-Bucket (video/x-raw, width=(int)[1, 1920], height=(int)[1, 1080], format=(string)I420, framerate=(fraction)30/1) for OutputID(14)
15:04:38.481528 147257 0x7fc88c0157a0 INFO  pmx_bucketman_debug pmxbucketman.c:520:pmx_bucket_man_add_from_caps:(NULL) caps: video/x-raw, width=(int)[ 1, 1920 ], height=(int)[ 1, 1080 ], format=(string)I420, framerate=(fraction)30/1
15:04:38.481547 147257 0x7fc88c0157a0 DEBUG  pmx_bucketman_debug pmxbucketman.c:290:pmx_bucket_man_add_bucket:(NULL) Inserting bucket: 128x72,30/1fps,11612bps, with caps: video/x-raw, width=(int)128, height=(int)72, format=(string)I420, framerate=(fraction)30/1
15:04:38.481564 147257 0x7fc88c0157a0 DEBUG  pmx_bucketman_debug pmxbucketman.c:290:pmx_bucket_man_add_bucket:(NULL) Inserting bucket: 128x144,30/1fps,23224bps, with caps: video/x-raw, width=(int)128, height=(int)144, format=(string)I420, framerate=(fraction)30/1
15:04:38.481586 147257 0x7fc88c0157a0 DEBUG  pmx_bucketman_debug pmxbucketman.c:290:pmx_bucket_man_add_bucket:(NULL) Inserting bucket: 128x216,30/1fps,34836bps, with caps: video/x-raw, width=(int)128, height=(int)216, format=(string)I420, framerate=(fraction)30/1
15:04:38.481601 147257 0x7fc88c0157a0 DEBUG  pmx_bucketman_debug pmxbucketman.c:290:pmx_bucket_man_add_bucket:(NULL) Inserting bucket: 128x288,30/1fps,46448bps, with caps: video/x-raw, width=(int)128, height=(int)288, format=(string)I420, framerate=(fraction)30/1
15:04:38.481616 147257 0x7fc88c0157a0 DEBUG  pmx_bucketman_debug pmxbucketman.c:290:pmx_bucket_man_add_bucket:(NULL) Inserting bucket: 128x360,30/1fps,58060bps, with caps: video/x-raw, width=(int)128, height=(int)360, format=(string)I420, framerate=(fraction)30/1
15:04:38.481631 147257 0x7fc88c0157a0 DEBUG  pmx_bucketman_debug pmxbucketman.c:290:pmx_bucket_man_add_bucket:(NULL) Inserting bucket: 128x432,30/1fps,69672bps, with caps: video/x-raw, width=(int)128, height=(int)432, format=(string)I420, framerate=(fraction)30/1
15:04:38.481645 147257 0x7fc88c0157a0 DEBUG  pmx_bucketman_debug pmxbucketman.c:290:pmx_bucket_man_add_bucket:(NULL) Inserting bucket: 128x504,30/1fps,81285bps, with caps: video/x-raw, width=(int)128, height=(int)504, format=(string)I420, framerate=(fraction)30/1
15:04:38.481660 147257 0x7fc88c0157a0 DEBUG  pmx_bucketman_debug pmxbucketman.c:290:pmx_bucket_man_add_bucket:(NULL) Inserting bucket: 128x576,30/1fps,92897bps, with caps: video/x-raw, width=(int)128, height=(int)576, format=(string)I420, framerate=(fraction)30/1
15:04:38.481674 147257 0x7fc88c0157a0 DEBUG  pmx_bucketman_debug pmxbucketman.c:290:pmx_bucket_man_add_bucket:(NULL) Inserting bucket: 128x648,30/1fps,104509bps, with caps: video/x-raw, width=(int)128, height=(int)648, format=(string)I420, framerate=(fraction)30/1
15:04:38.481693 147257 0x7fc88c0157a0 DEBUG  pmx_bucketman_debug pmxbucketman.c:290:pmx_bucket_man_add_bucket:(NULL) Inserting bucket: 128x720,30/1fps,116121bps, with caps: video/x-raw, width=(int)128, height=(int)720, format=(string)I420, framerate=(fraction)30/1
15:04:38.481708 147257 0x7fc88c0157a0 DEBUG  pmx_bucketman_debug pmxbucketman.c:290:pmx_bucket_man_add_bucket:(NULL) Inserting bucket: 128x792,30/1fps,127733bps, with caps: video/x-raw, width=(int)128, height=(int)792, format=(string)I420, framerate=(fraction)30/1
15:04:38.481723 147257 0x7fc88c0157a0 DEBUG  pmx_bucketman_debug pmxbucketman.c:290:pmx_bucket_man_add_bucket:(NULL) Inserting bucket: 128x864,30/1fps,139345bps, with caps: video/x-raw, width=(int)128, height=(int)864, format=(string)I420, framerate=(fraction)30/1
15:04:38.481738 147257 0x7fc88c0157a0 DEBUG  pmx_bucketman_debug pmxbucketman.c:290:pmx_bucket_man_add_bucket:(NULL) Inserting bucket: 128x936,30/1fps,150958bps, with caps: video/x-raw, width=(int)128, height=(int)936, format=(string)I420, framerate=(fraction)30/1
15:04:38.481752 147257 0x7fc88c0157a0 DEBUG  pmx_bucketman_debug pmxbucketman.c:290:pmx_bucket_man_add_bucket:(NULL) Inserting bucket: 128x1008,30/1fps,162570bps, with caps: video/x-raw, width=(int)128, height=(int)1008, format=(string)I420, framerate=(fraction)30/1
15:04:38.481767 147257 0x7fc88c0157a0 DEBUG  pmx_bucketman_debug pmxbucketman.c:290:pmx_bucket_man_add_bucket:(NULL) Inserting bucket: 128x1080,30/1fps,174182bps, with caps: video/x-raw, width=(int)128, height=(int)1080, format=(string)I420, framerate=(fraction)30/1
15:04:38.481787 147257 0x7fc88c0157a0 DEBUG  pmx_bucketman_debug pmxbucketman.c:290:pmx_bucket_man_add_bucket:(NULL) Inserting bucket: 256x72,30/1fps,23224bps, with caps: video/x-raw, width=(int)256, height=(int)72, format=(string)I420, framerate=(fraction)30/1
15:04:38.481802 147257 0x7fc88c0157a0 DEBUG  pmx_bucketman_debug pmxbucketman.c:290:pmx_bucket_man_add_bucket:(NULL) Inserting bucket: 256x144,30/1fps,46448bps, with caps: video/x-raw, width=(int)256, height=(int)144, format=(string)I420, framerate=(fraction)30/1
15:04:38.481817 147257 0x7fc88c0157a0 DEBUG  pmx_bucketman_debug pmxbucketman.c:290:pmx_bucket_man_add_bucket:(NULL) Inserting bucket: 256x216,30/1fps,69672bps, with caps: video/x-raw, width=(int)256, height=(int)216, format=(string)I420, framerate=(fraction)30/1
15:04:38.481831 147257 0x7fc88c0157a0 DEBUG  pmx_bucketman_debug pmxbucketman.c:290:pmx_bucket_man_add_bucket:(NULL) Inserting bucket: 256x288,30/1fps,92897bps, with caps: video/x-raw, width=(int)256, height=(int)288, format=(string)I420, framerate=(fraction)30/1
15:04:38.481845 147257 0x7fc88c0157a0 DEBUG  pmx_bucketman_debug pmxbucketman.c:290:pmx_bucket_man_add_bucket:(NULL) Inserting bucket: 256x360,30/1fps,116121bps, with caps: video/x-raw, width=(int)256, height=(int)360, format=(string)I420, framerate=(fraction)30/1
15:04:38.481860 147257 0x7fc88c0157a0 DEBUG  pmx_bucketman_debug pmxbucketman.c:290:pmx_bucket_man_add_bucket:(NULL) Inserting bucket: 256x432,30/1fps,139345bps, with caps: video/x-raw, width=(int)256, height=(int)432, format=(string)I420, framerate=(fraction)30/1
15:04:38.481878 147257 0x7fc88c0157a0 DEBUG  pmx_bucketman_debug pmxbucketman.c:290:pmx_bucket_man_add_bucket:(NULL) Inserting bucket: 256x504,30/1fps,162570bps, with caps: video/x-raw, width=(int)256, height=(int)504, format=(string)I420, framerate=(fraction)30/1
15:04:38.481894 147257 0x7fc88c0157a0 DEBUG  pmx_bucketman_debug pmxbucketman.c:290:pmx_bucket_man_add_bucket:(NULL) Inserting bucket: 256x576,30/1fps,185794bps, with caps: video/x-raw, width=(int)256, height=(int)576, format=(string)I420, framerate=(fraction)30/1
15:04:38.481907 147257 0x7fc88c0157a0 DEBUG  pmx_bucketman_debug pmxbucketman.c:290:pmx_bucket_man_add_bucket:(NULL) Inserting bucket: 256x648,30/1fps,209018bps, with caps: video/x-raw, width=(int)256, height=(int)648, format=(string)I420, framerate=(fraction)30/1
15:04:38.481921 147257 0x7fc88c0157a0 DEBUG  pmx_bucketman_debug pmxbucketman.c:290:pmx_bucket_man_add_bucket:(NULL) Inserting bucket: 256x720,30/1fps,232243bps, with caps: video/x-raw, width=(int)256, height=(int)720, format=(string)I420, framerate=(fraction)30/1
15:04:38.481935 147257 0x7fc88c0157a0 DEBUG  pmx_bucketman_debug pmxbucketman.c:290:pmx_bucket_man_add_bucket:(NULL) Inserting bucket: 256x792,30/1fps,255467bps, with caps: video/x-raw, width=(int)256, height=(int)792, format=(string)I420, framerate=(fraction)30/1
15:04:38.481949 147257 0x7fc88c0157a0 DEBUG  pmx_bucketman_debug pmxbucketman.c:290:pmx_bucket_man_add_bucket:(NULL) Inserting bucket: 256x864,30/1fps,278691bps, with caps: video/x-raw, width=(int)256, height=(int)864, format=(string)I420, framerate=(fraction)30/1
15:04:38.481968 147257 0x7fc88c0157a0 DEBUG  pmx_bucketman_debug pmxbucketman.c:290:pmx_bucket_man_add_bucket:(NULL) Inserting bucket: 256x936,30/1fps,301916bps, with caps: video/x-raw, width=(int)256, height=(int)936, format=(string)I420, framerate=(fraction)30/1
15:04:38.481983 147257 0x7fc88c0157a0 DEBUG  pmx_bucketman_debug pmxbucketman.c:290:pmx_bucket_man_add_bucket:(NULL) Inserting bucket: 256x1008,30/1fps,325140bps, with caps: video/x-raw, width=(int)256, height=(int)1008, format=(string)I420, framerate=(fraction)30/1
15:04:38.481997 147257 0x7fc88c0157a0 DEBUG  pmx_bucketman_debug pmxbucketman.c:290:pmx_bucket_man_add_bucket:(NULL) Inserting bucket: 256x1080,30/1fps,348364bps, with caps: video/x-raw, width=(int)256, height=(int)1080, format=(string)I420, framerate=(fraction)30/1
15:04:38.482011 147257 0x7fc88c0157a0 DEBUG  pmx_bucketman_debug pmxbucketman.c:290:pmx_bucket_man_add_bucket:(NULL) Inserting bucket: 384x72,30/1fps,34836bps, with caps: video/x-raw, width=(int)384, height=(int)72, format=(string)I420, framerate=(fraction)30/1
15:04:38.482025 147257 0x7fc88c0157a0 DEBUG  pmx_bucketman_debug pmxbucketman.c:290:pmx_bucket_man_add_bucket:(NULL) Inserting bucket: 384x144,30/1fps,69672bps, with caps: video/x-raw, width=(int)384, height=(int)144, format=(string)I420, framerate=(fraction)30/1
15:04:38.482039 147257 0x7fc88c0157a0 DEBUG  pmx_bucketman_debug pmxbucketman.c:290:pmx_bucket_man_add_bucket:(NULL) Inserting bucket: 384x216,30/1fps,104509bps, with caps: video/x-raw, width=(int)384, height=(int)216, format=(string)I420, framerate=(fraction)30/1
15:04:38.482058 147257 0x7fc88c0157a0 DEBUG  pmx_bucketman_debug pmxbucketman.c:290:pmx_bucket_man_add_bucket:(NULL) Inserting bucket: 384x288,30/1fps,139345bps, with caps: video/x-raw, width=(int)384, height=(int)288, format=(string)I420, framerate=(fraction)30/1
15:04:38.482073 147257 0x7fc88c0157a0 DEBUG  pmx_bucketman_debug pmxbucketman.c:290:pmx_bucket_man_add_bucket:(NULL) Inserting bucket: 384x360,30/1fps,174182bps, with caps: video/x-raw, width=(int)384, height=(int)360, format=(string)I420, framerate=(fraction)30/1
15:04:38.482088 147257 0x7fc88c0157a0 DEBUG  pmx_bucketman_debug pmxbucketman.c:290:pmx_bucket_man_add_bucket:(NULL) Inserting bucket: 384x432,30/1fps,209018bps, with caps: video/x-raw, width=(int)384, height=(int)432, format=(string)I420, framerate=(fraction)30/1
15:04:38.482102 147257 0x7fc88c0157a0 DEBUG  pmx_bucketman_debug pmxbucketman.c:290:pmx_bucket_man_add_bucket:(NULL) Inserting bucket: 384x504,30/1fps,243855bps, with caps: video/x-raw, width=(int)384, height=(int)504, format=(string)I420, framerate=(fraction)30/1
15:04:38.482117 147257 0x7fc88c0157a0 DEBUG  pmx_bucketman_debug pmxbucketman.c:290:pmx_bucket_man_add_bucket:(NULL) Inserting bucket: 384x576,30/1fps,278691bps, with caps: video/x-raw, width=(int)384, height=(int)576, format=(string)I420, framerate=(fraction)30/1
15:04:38.482131 147257 0x7fc88c0157a0 DEBUG  pmx_bucketman_debug pmxbucketman.c:290:pmx_bucket_man_add_bucket:(NULL) Inserting bucket: 384x648,30/1fps,313528bps, with caps: video/x-raw, width=(int)384, height=(int)648, format=(string)I420, framerate=(fraction)30/1
15:04:38.482146 147257 0x7fc88c0157a0 DEBUG  pmx_bucketman_debug pmxbucketman.c:290:pmx_bucket_man_add_bucket:(NULL) Inserting bucket: 384x720,30/1fps,348364bps, with caps: video/x-raw, width=(int)384, height=(int)720, format=(string)I420, framerate=(fraction)30/1
15:04:38.482164 147257 0x7fc88c0157a0 DEBUG  pmx_bucketman_debug pmxbucketman.c:290:pmx_bucket_man_add_bucket:(NULL) Inserting bucket: 384x792,30/1fps,383201bps, with caps: video/x-raw, width=(int)384, height=(int)792, format=(string)I420, framerate=(fraction)30/1
15:04:38.482179 147257 0x7fc88c0157a0 DEBUG  pmx_bucketman_debug pmxbucketman.c:290:pmx_bucket_man_add_bucket:(NULL) Inserting bucket: 384x864,30/1fps,418037bps, with caps: video/x-raw, width=(int)384, height=(int)864, format=(string)I420, framerate=(fraction)30/1
15:04:38.482193 147257 0x7fc88c0157a0 DEBUG  pmx_bucketman_debug pmxbucketman.c:290:pmx_bucket_man_add_bucket:(NULL) Inserting bucket: 384x936,30/1fps,452874bps, with caps: video/x-raw, width=(int)384, height=(int)936, format=(string)I420, framerate=(fraction)30/1
15:04:38.482206 147257 0x7fc88c0157a0 DEBUG  pmx_bucketman_debug pmxbucketman.c:290:pmx_bucket_man_add_bucket:(NULL) Inserting bucket: 384x1008,30/1fps,487710bps, with caps: video/x-raw, width=(int)384, height=(int)1008, format=(string)I420, framerate=(fraction)30/1
15:04:38.482220 147257 0x7fc88c0157a0 DEBUG  pmx_bucketman_debug pmxbucketman.c:290:pmx_bucket_man_add_bucket:(NULL) Inserting bucket: 384x1080,30/1fps,522547bps, with caps: video/x-raw, width=(int)384, height=(int)1080, format=(string)I420, framerate=(fraction)30/1
15:04:38.482234 147257 0x7fc88c0157a0 DEBUG  pmx_bucketman_debug pmxbucketman.c:290:pmx_bucket_man_add_bucket:(NULL) Inserting bucket: 512x72,30/1fps,46448bps, with caps: video/x-raw, width=(int)512, height=(int)72, format=(string)I420, framerate=(fraction)30/1
15:04:38.482253 147257 0x7fc88c0157a0 DEBUG  pmx_bucketman_debug pmxbucketman.c:290:pmx_bucket_man_add_bucket:(NULL) Inserting bucket: 512x144,30/1fps,92897bps, with caps: video/x-raw, width=(int)512, height=(int)144, format=(string)I420, framerate=(fraction)30/1
15:04:38.482267 147257 0x7fc88c0157a0 DEBUG  pmx_bucketman_debug pmxbucketman.c:290:pmx_bucket_man_add_bucket:(NULL) Inserting bucket: 512x216,30/1fps,139345bps, with caps: video/x-raw, width=(int)512, height=(int)216, format=(string)I420, framerate=(fraction)30/1
15:04:38.482282 147257 0x7fc88c0157a0 DEBUG  pmx_bucketman_debug pmxbucketman.c:290:pmx_bucket_man_add_bucket:(NULL) Inserting bucket: 512x288,30/1fps,185794bps, with caps: video/x-raw, width=(int)512, height=(int)288, format=(string)I420, framerate=(fraction)30/1
15:04:38.482296 147257 0x7fc88c0157a0 DEBUG  pmx_bucketman_debug pmxbucketman.c:290:pmx_bucket_man_add_bucket:(NULL) Inserting bucket: 512x360,30/1fps,232243bps, with caps: video/x-raw, width=(int)512, height=(int)360, format=(string)I420, framerate=(fraction)30/1
15:04:38.482310 147257 0x7fc88c0157a0 DEBUG  pmx_bucketman_debug pmxbucketman.c:290:pmx_bucket_man_add_bucket:(NULL) Inserting bucket: 512x432,30/1fps,278691bps, with caps: video/x-raw, width=(int)512, height=(int)432, format=(string)I420, framerate=(fraction)30/1
15:04:38.482325 147257 0x7fc88c0157a0 DEBUG  pmx_bucketman_debug pmxbucketman.c:290:pmx_bucket_man_add_bucket:(NULL) Inserting bucket: 512x504,30/1fps,325140bps, with caps: video/x-raw, width=(int)512, height=(int)504, format=(string)I420, framerate=(fraction)30/1
15:04:38.482343 147257 0x7fc88c0157a0 DEBUG  pmx_bucketman_debug pmxbucketman.c:290:pmx_bucket_man_add_bucket:(NULL) Inserting bucket: 512x576,30/1fps,371589bps, with caps: video/x-raw, width=(int)512, height=(int)576, format=(string)I420, framerate=(fraction)30/1
15:04:38.482358 147257 0x7fc88c0157a0 DEBUG  pmx_bucketman_debug pmxbucketman.c:290:pmx_bucket_man_add_bucket:(NULL) Inserting bucket: 512x648,30/1fps,418037bps, with caps: video/x-raw, width=(int)512, height=(int)648, format=(string)I420, framerate=(fraction)30/1
15:04:38.482372 147257 0x7fc88c0157a0 DEBUG  pmx_bucketman_debug pmxbucketman.c:290:pmx_bucket_man_add_bucket:(NULL) Inserting bucket: 512x720,30/1fps,464486bps, with caps: video/x-raw, width=(int)512, height=(int)720, format=(string)I420, framerate=(fraction)30/1
15:04:38.482386 147257 0x7fc88c0157a0 DEBUG  pmx_bucketman_debug pmxbucketman.c:290:pmx_bucket_man_add_bucket:(NULL) Inserting bucket: 512x792,30/1fps,510935bps, with caps: video/x-raw, width=(int)512, height=(int)792, format=(string)I420, framerate=(fraction)30/1
15:04:38.482404 147257 0x7fc88c0157a0 DEBUG  pmx_bucketman_debug pmxbucketman.c:290:pmx_bucket_man_add_bucket:(NULL) Inserting bucket: 512x864,30/1fps,557383bps, with caps: video/x-raw, width=(int)512, height=(int)864, format=(string)I420, framerate=(fraction)30/1
15:04:38.482418 147257 0x7fc88c0157a0 DEBUG  pmx_bucketman_debug pmxbucketman.c:290:pmx_bucket_man_add_bucket:(NULL) Inserting bucket: 512x936,30/1fps,603832bps, with caps: video/x-raw, width=(int)512, height=(int)936, format=(string)I420, framerate=(fraction)30/1
15:04:38.482433 147257 0x7fc88c0157a0 DEBUG  pmx_bucketman_debug pmxbucketman.c:290:pmx_bucket_man_add_bucket:(NULL) Inserting bucket: 512x1008,30/1fps,650280bps, with caps: video/x-raw, width=(int)512, height=(int)1008, format=(string)I420, framerate=(fraction)30/1
15:04:38.482452 147257 0x7fc88c0157a0 DEBUG  pmx_bucketman_debug pmxbucketman.c:290:pmx_bucket_man_add_bucket:(NULL) Inserting bucket: 512x1080,30/1fps,696729bps, with caps: video/x-raw, width=(int)512, height=(int)1080, format=(string)I420, framerate=(fraction)30/1
15:04:38.482466 147257 0x7fc88c0157a0 DEBUG  pmx_bucketman_debug pmxbucketman.c:290:pmx_bucket_man_add_bucket:(NULL) Inserting bucket: 640x72,30/1fps,58060bps, with caps: video/x-raw, width=(int)640, height=(int)72, format=(string)I420, framerate=(fraction)30/1
15:04:38.482481 147257 0x7fc88c0157a0 DEBUG  pmx_bucketman_debug pmxbucketman.c:290:pmx_bucket_man_add_bucket:(NULL) Inserting bucket: 640x144,30/1fps,116121bps, with caps: video/x-raw, width=(int)640, height=(int)144, format=(string)I420, framerate=(fraction)30/1
15:04:38.482495 147257 0x7fc88c0157a0 DEBUG  pmx_bucketman_debug pmxbucketman.c:290:pmx_bucket_man_add_bucket:(NULL) Inserting bucket: 640x216,30/1fps,174182bps, with caps: video/x-raw, width=(int)640, height=(int)216, format=(string)I420, framerate=(fraction)30/1
15:04:38.482510 147257 0x7fc88c0157a0 DEBUG  pmx_bucketman_debug pmxbucketman.c:290:pmx_bucket_man_add_bucket:(NULL) Inserting bucket: 640x288,30/1fps,232243bps, with caps: video/x-raw, width=(int)640, height=(int)288, format=(string)I420, framerate=(fraction)30/1
15:04:38.482524 147257 0x7fc88c0157a0 DEBUG  pmx_bucketman_debug pmxbucketman.c:290:pmx_bucket_man_add_bucket:(NULL) Inserting bucket: 640x360,30/1fps,290304bps, with caps: video/x-raw, width=(int)640, height=(int)360, format=(string)I420, framerate=(fraction)30/1
15:04:38.482543 147257 0x7fc88c0157a0 DEBUG  pmx_bucketman_debug pmxbucketman.c:290:pmx_bucket_man_add_bucket:(NULL) Inserting bucket: 640x432,30/1fps,348364bps, with caps: video/x-raw, width=(int)640, height=(int)432, format=(string)I420, framerate=(fraction)30/1
15:04:38.482558 147257 0x7fc88c0157a0 DEBUG  pmx_bucketman_debug pmxbucketman.c:290:pmx_bucket_man_add_bucket:(NULL) Inserting bucket: 640x504,30/1fps,406425bps, with caps: video/x-raw, width=(int)640, height=(int)504, format=(string)I420, framerate=(fraction)30/1
15:04:38.482572 147257 0x7fc88c0157a0 DEBUG  pmx_bucketman_debug pmxbucketman.c:290:pmx_bucket_man_add_bucket:(NULL) Inserting bucket: 640x576,30/1fps,464486bps, with caps: video/x-raw, width=(int)640, height=(int)576, format=(string)I420, framerate=(fraction)30/1
15:04:38.482587 147257 0x7fc88c0157a0 DEBUG  pmx_bucketman_debug pmxbucketman.c:290:pmx_bucket_man_add_bucket:(NULL) Inserting bucket: 640x648,30/1fps,522547bps, with caps: video/x-raw, width=(int)640, height=(int)648, format=(string)I420, framerate=(fraction)30/1
15:04:38.482601 147257 0x7fc88c0157a0 DEBUG  pmx_bucketman_debug pmxbucketman.c:290:pmx_bucket_man_add_bucket:(NULL) Inserting bucket: 640x720,30/1fps,580608bps, with caps: video/x-raw, width=(int)640, height=(int)720, format=(string)I420, framerate=(fraction)30/1
15:04:38.482615 147257 0x7fc88c0157a0 DEBUG  pmx_bucketman_debug pmxbucketman.c:290:pmx_bucket_man_add_bucket:(NULL) Inserting bucket: 640x792,30/1fps,638668bps, with caps: video/x-raw, width=(int)640, height=(int)792, format=(string)I420, framerate=(fraction)30/1
15:04:38.482633 147257 0x7fc88c0157a0 DEBUG  pmx_bucketman_debug pmxbucketman.c:290:pmx_bucket_man_add_bucket:(NULL) Inserting bucket: 640x864,30/1fps,696729bps, with caps: video/x-raw, width=(int)640, height=(int)864, format=(string)I420, framerate=(fraction)30/1
15:04:38.482649 147257 0x7fc88c0157a0 DEBUG  pmx_bucketman_debug pmxbucketman.c:290:pmx_bucket_man_add_bucket:(NULL) Inserting bucket: 640x936,30/1fps,754790bps, with caps: video/x-raw, width=(int)640, height=(int)936, format=(string)I420, framerate=(fraction)30/1
15:04:38.482663 147257 0x7fc88c0157a0 DEBUG  pmx_bucketman_debug pmxbucketman.c:290:pmx_bucket_man_add_bucket:(NULL) Inserting bucket: 640x1008,30/1fps,812851bps, with caps: video/x-raw, width=(int)640, height=(int)1008, format=(string)I420, framerate=(fraction)30/1
15:04:38.482678 147257 0x7fc88c0157a0 DEBUG  pmx_bucketman_debug pmxbucketman.c:290:pmx_bucket_man_add_bucket:(NULL) Inserting bucket: 640x1080,30/1fps,870912bps, with caps: video/x-raw, width=(int)640, height=(int)1080, format=(string)I420, framerate=(fraction)30/1
15:04:38.482692 147257 0x7fc88c0157a0 DEBUG  pmx_bucketman_debug pmxbucketman.c:290:pmx_bucket_man_add_bucket:(NULL) Inserting bucket: 768x72,30/1fps,69672bps, with caps: video/x-raw, width=(int)768, height=(int)72, format=(string)I420, framerate=(fraction)30/1
15:04:38.482707 147257 0x7fc88c0157a0 DEBUG  pmx_bucketman_debug pmxbucketman.c:290:pmx_bucket_man_add_bucket:(NULL) Inserting bucket: 768x144,30/1fps,139345bps, with caps: video/x-raw, width=(int)768, height=(int)144, format=(string)I420, framerate=(fraction)30/1
15:04:38.482725 147257 0x7fc88c0157a0 DEBUG  pmx_bucketman_debug pmxbucketman.c:290:pmx_bucket_man_add_bucket:(NULL) Inserting bucket: 768x216,30/1fps,209018bps, with caps: video/x-raw, width=(int)768, height=(int)216, format=(string)I420, framerate=(fraction)30/1
15:04:38.482740 147257 0x7fc88c0157a0 DEBUG  pmx_bucketman_debug pmxbucketman.c:290:pmx_bucket_man_add_bucket:(NULL) Inserting bucket: 768x288,30/1fps,278691bps, with caps: video/x-raw, width=(int)768, height=(int)288, format=(string)I420, framerate=(fraction)30/1
15:04:38.482755 147257 0x7fc88c0157a0 DEBUG  pmx_bucketman_debug pmxbucketman.c:290:pmx_bucket_man_add_bucket:(NULL) Inserting bucket: 768x360,30/1fps,348364bps, with caps: video/x-raw, width=(int)768, height=(int)360, format=(string)I420, framerate=(fraction)30/1
15:04:38.482769 147257 0x7fc88c0157a0 DEBUG  pmx_bucketman_debug pmxbucketman.c:290:pmx_bucket_man_add_bucket:(NULL) Inserting bucket: 768x432,30/1fps,418037bps, with caps: video/x-raw, width=(int)768, height=(int)432, format=(string)I420, framerate=(fraction)30/1
15:04:38.482783 147257 0x7fc88c0157a0 DEBUG  pmx_bucketman_debug pmxbucketman.c:290:pmx_bucket_man_add_bucket:(NULL) Inserting bucket: 768x504,30/1fps,487710bps, with caps: video/x-raw, width=(int)768, height=(int)504, format=(string)I420, framerate=(fraction)30/1
15:04:38.482798 147257 0x7fc88c0157a0 DEBUG  pmx_bucketman_debug pmxbucketman.c:290:pmx_bucket_man_add_bucket:(NULL) Inserting bucket: 768x576,30/1fps,557383bps, with caps: video/x-raw, width=(int)768, height=(int)576, format=(string)I420, framerate=(fraction)30/1
15:04:38.482815 147257 0x7fc88c0157a0 DEBUG  pmx_bucketman_debug pmxbucketman.c:290:pmx_bucket_man_add_bucket:(NULL) Inserting bucket: 768x648,30/1fps,627056bps, with caps: video/x-raw, width=(int)768, height=(int)648, format=(string)I420, framerate=(fraction)30/1
15:04:38.482830 147257 0x7fc88c0157a0 DEBUG  pmx_bucketman_debug pmxbucketman.c:290:pmx_bucket_man_add_bucket:(NULL) Inserting bucket: 768x720,30/1fps,696729bps, with caps: video/x-raw, width=(int)768, height=(int)720, format=(string)I420, framerate=(fraction)30/1
15:04:38.482845 147257 0x7fc88c0157a0 DEBUG  pmx_bucketman_debug pmxbucketman.c:290:pmx_bucket_man_add_bucket:(NULL) Inserting bucket: 768x792,30/1fps,766402bps, with caps: video/x-raw, width=(int)768, height=(int)792, format=(string)I420, framerate=(fraction)30/1
15:04:38.482859 147257 0x7fc88c0157a0 DEBUG  pmx_bucketman_debug pmxbucketman.c:290:pmx_bucket_man_add_bucket:(NULL) Inserting bucket: 768x864,30/1fps,836075bps, with caps: video/x-raw, width=(int)768, height=(int)864, format=(string)I420, framerate=(fraction)30/1
15:04:38.482873 147257 0x7fc88c0157a0 DEBUG  pmx_bucketman_debug pmxbucketman.c:290:pmx_bucket_man_add_bucket:(NULL) Inserting bucket: 768x936,30/1fps,905748bps, with caps: video/x-raw, width=(int)768, height=(int)936, format=(string)I420, framerate=(fraction)30/1
15:04:38.482887 147257 0x7fc88c0157a0 DEBUG  pmx_bucketman_debug pmxbucketman.c:290:pmx_bucket_man_add_bucket:(NULL) Inserting bucket: 768x1008,30/1fps,975421bps, with caps: video/x-raw, width=(int)768, height=(int)1008, format=(string)I420, framerate=(fraction)30/1
15:04:38.482906 147257 0x7fc88c0157a0 DEBUG  pmx_bucketman_debug pmxbucketman.c:290:pmx_bucket_man_add_bucket:(NULL) Inserting bucket: 768x1080,30/1fps,1045094bps, with caps: video/x-raw, width=(int)768, height=(int)1080, format=(string)I420, framerate=(fraction)30/1
15:04:38.482921 147257 0x7fc88c0157a0 DEBUG  pmx_bucketman_debug pmxbucketman.c:290:pmx_bucket_man_add_bucket:(NULL) Inserting bucket: 896x72,30/1fps,81285bps, with caps: video/x-raw, width=(int)896, height=(int)72, format=(string)I420, framerate=(fraction)30/1
15:04:38.482936 147257 0x7fc88c0157a0 DEBUG  pmx_bucketman_debug pmxbucketman.c:290:pmx_bucket_man_add_bucket:(NULL) Inserting bucket: 896x144,30/1fps,162570bps, with caps: video/x-raw, width=(int)896, height=(int)144, format=(string)I420, framerate=(fraction)30/1
15:04:38.482950 147257 0x7fc88c0157a0 DEBUG  pmx_bucketman_debug pmxbucketman.c:290:pmx_bucket_man_add_bucket:(NULL) Inserting bucket: 896x216,30/1fps,243855bps, with caps: video/x-raw, width=(int)896, height=(int)216, format=(string)I420, framerate=(fraction)30/1
15:04:38.482965 147257 0x7fc88c0157a0 DEBUG  pmx_bucketman_debug pmxbucketman.c:290:pmx_bucket_man_add_bucket:(NULL) Inserting bucket: 896x288,30/1fps,325140bps, with caps: video/x-raw, width=(int)896, height=(int)288, format=(string)I420, framerate=(fraction)30/1
15:04:38.482979 147257 0x7fc88c0157a0 DEBUG  pmx_bucketman_debug pmxbucketman.c:290:pmx_bucket_man_add_bucket:(NULL) Inserting bucket: 896x360,30/1fps,406425bps, with caps: video/x-raw, width=(int)896, height=(int)360, format=(string)I420, framerate=(fraction)30/1
15:04:38.482993 147257 0x7fc88c0157a0 DEBUG  pmx_bucketman_debug pmxbucketman.c:290:pmx_bucket_man_add_bucket:(NULL) Inserting bucket: 896x432,30/1fps,487710bps, with caps: video/x-raw, width=(int)896, height=(int)432, format=(string)I420, framerate=(fraction)30/1
15:04:38.483012 147257 0x7fc88c0157a0 DEBUG  pmx_bucketman_debug pmxbucketman.c:290:pmx_bucket_man_add_bucket:(NULL) Inserting bucket: 896x504,30/1fps,568995bps, with caps: video/x-raw, width=(int)896, height=(int)504, format=(string)I420, framerate=(fraction)30/1
15:04:38.483027 147257 0x7fc88c0157a0 DEBUG  pmx_bucketman_debug pmxbucketman.c:290:pmx_bucket_man_add_bucket:(NULL) Inserting bucket: 896x576,30/1fps,650280bps, with caps: video/x-raw, width=(int)896, height=(int)576, format=(string)I420, framerate=(fraction)30/1
15:04:38.483041 147257 0x7fc88c0157a0 DEBUG  pmx_bucketman_debug pmxbucketman.c:290:pmx_bucket_man_add_bucket:(NULL) Inserting bucket: 896x648,30/1fps,731566bps, with caps: video/x-raw, width=(int)896, height=(int)648, format=(string)I420, framerate=(fraction)30/1
15:04:38.483055 147257 0x7fc88c0157a0 DEBUG  pmx_bucketman_debug pmxbucketman.c:290:pmx_bucket_man_add_bucket:(NULL) Inserting bucket: 896x720,30/1fps,812851bps, with caps: video/x-raw, width=(int)896, height=(int)720, format=(string)I420, framerate=(fraction)30/1
15:04:38.483070 147257 0x7fc88c0157a0 DEBUG  pmx_bucketman_debug pmxbucketman.c:290:pmx_bucket_man_add_bucket:(NULL) Inserting bucket: 896x792,30/1fps,894136bps, with caps: video/x-raw, width=(int)896, height=(int)792, format=(string)I420, framerate=(fraction)30/1
15:04:38.483084 147257 0x7fc88c0157a0 DEBUG  pmx_bucketman_debug pmxbucketman.c:290:pmx_bucket_man_add_bucket:(NULL) Inserting bucket: 896x864,30/1fps,975421bps, with caps: video/x-raw, width=(int)896, height=(int)864, format=(string)I420, framerate=(fraction)30/1
15:04:38.483103 147257 0x7fc88c0157a0 DEBUG  pmx_bucketman_debug pmxbucketman.c:290:pmx_bucket_man_add_bucket:(NULL) Inserting bucket: 896x936,30/1fps,1056706bps, with caps: video/x-raw, width=(int)896, height=(int)936, format=(string)I420, framerate=(fraction)30/1
15:04:38.483117 147257 0x7fc88c0157a0 DEBUG  pmx_bucketman_debug pmxbucketman.c:290:pmx_bucket_man_add_bucket:(NULL) Inserting bucket: 896x1008,30/1fps,1137991bps, with caps: video/x-raw, width=(int)896, height=(int)1008, format=(string)I420, framerate=(fraction)30/1
15:04:38.483132 147257 0x7fc88c0157a0 DEBUG  pmx_bucketman_debug pmxbucketman.c:290:pmx_bucket_man_add_bucket:(NULL) Inserting bucket: 896x1080,30/1fps,1219276bps, with caps: video/x-raw, width=(int)896, height=(int)1080, format=(string)I420, framerate=(fraction)30/1
15:04:38.483146 147257 0x7fc88c0157a0 DEBUG  pmx_bucketman_debug pmxbucketman.c:290:pmx_bucket_man_add_bucket:(NULL) Inserting bucket: 1024x72,30/1fps,92897bps, with caps: video/x-raw, width=(int)1024, height=(int)72, format=(string)I420, framerate=(fraction)30/1
15:04:38.483160 147257 0x7fc88c0157a0 DEBUG  pmx_bucketman_debug pmxbucketman.c:290:pmx_bucket_man_add_bucket:(NULL) Inserting bucket: 1024x144,30/1fps,185794bps, with caps: video/x-raw, width=(int)1024, height=(int)144, format=(string)I420, framerate=(fraction)30/1
15:04:38.483175 147257 0x7fc88c0157a0 DEBUG  pmx_bucketman_debug pmxbucketman.c:290:pmx_bucket_man_add_bucket:(NULL) Inserting bucket: 1024x216,30/1fps,278691bps, with caps: video/x-raw, width=(int)1024, height=(int)216, format=(string)I420, framerate=(fraction)30/1
15:04:38.483194 147257 0x7fc88c0157a0 DEBUG  pmx_bucketman_debug pmxbucketman.c:290:pmx_bucket_man_add_bucket:(NULL) Inserting bucket: 1024x288,30/1fps,371589bps, with caps: video/x-raw, width=(int)1024, height=(int)288, format=(string)I420, framerate=(fraction)30/1
15:04:38.483210 147257 0x7fc88c0157a0 DEBUG  pmx_bucketman_debug pmxbucketman.c:290:pmx_bucket_man_add_bucket:(NULL) Inserting bucket: 1024x360,30/1fps,464486bps, with caps: video/x-raw, width=(int)1024, height=(int)360, format=(string)I420, framerate=(fraction)30/1
15:04:38.483224 147257 0x7fc88c0157a0 DEBUG  pmx_bucketman_debug pmxbucketman.c:290:pmx_bucket_man_add_bucket:(NULL) Inserting bucket: 1024x432,30/1fps,557383bps, with caps: video/x-raw, width=(int)1024, height=(int)432, format=(string)I420, framerate=(fraction)30/1
15:04:38.483239 147257 0x7fc88c0157a0 DEBUG  pmx_bucketman_debug pmxbucketman.c:290:pmx_bucket_man_add_bucket:(NULL) Inserting bucket: 1024x504,30/1fps,650280bps, with caps: video/x-raw, width=(int)1024, height=(int)504, format=(string)I420, framerate=(fraction)30/1
15:04:38.483253 147257 0x7fc88c0157a0 DEBUG  pmx_bucketman_debug pmxbucketman.c:290:pmx_bucket_man_add_bucket:(NULL) Inserting bucket: 1024x576,30/1fps,743178bps, with caps: video/x-raw, width=(int)1024, height=(int)576, format=(string)I420, framerate=(fraction)30/1
15:04:38.483267 147257 0x7fc88c0157a0 DEBUG  pmx_bucketman_debug pmxbucketman.c:290:pmx_bucket_man_add_bucket:(NULL) Inserting bucket: 1024x648,30/1fps,836075bps, with caps: video/x-raw, width=(int)1024, height=(int)648, format=(string)I420, framerate=(fraction)30/1
15:04:38.483284 147257 0x7fc88c0157a0 DEBUG  pmx_bucketman_debug pmxbucketman.c:290:pmx_bucket_man_add_bucket:(NULL) Inserting bucket: 1024x720,30/1fps,928972bps, with caps: video/x-raw, width=(int)1024, height=(int)720, format=(string)I420, framerate=(fraction)30/1
15:04:38.483299 147257 0x7fc88c0157a0 DEBUG  pmx_bucketman_debug pmxbucketman.c:290:pmx_bucket_man_add_bucket:(NULL) Inserting bucket: 1024x792,30/1fps,1021870bps, with caps: video/x-raw, width=(int)1024, height=(int)792, format=(string)I420, framerate=(fraction)30/1
15:04:38.483314 147257 0x7fc88c0157a0 DEBUG  pmx_bucketman_debug pmxbucketman.c:290:pmx_bucket_man_add_bucket:(NULL) Inserting bucket: 1024x864,30/1fps,1114767bps, with caps: video/x-raw, width=(int)1024, height=(int)864, format=(string)I420, framerate=(fraction)30/1
15:04:38.483328 147257 0x7fc88c0157a0 DEBUG  pmx_bucketman_debug pmxbucketman.c:290:pmx_bucket_man_add_bucket:(NULL) Inserting bucket: 1024x936,30/1fps,1207664bps, with caps: video/x-raw, width=(int)1024, height=(int)936, format=(string)I420, framerate=(fraction)30/1
15:04:38.483342 147257 0x7fc88c0157a0 DEBUG  pmx_bucketman_debug pmxbucketman.c:290:pmx_bucket_man_add_bucket:(NULL) Inserting bucket: 1024x1008,30/1fps,1300561bps, with caps: video/x-raw, width=(int)1024, height=(int)1008, format=(string)I420, framerate=(fraction)30/1
15:04:38.483357 147257 0x7fc88c0157a0 DEBUG  pmx_bucketman_debug pmxbucketman.c:290:pmx_bucket_man_add_bucket:(NULL) Inserting bucket: 1024x1080,30/1fps,1393459bps, with caps: video/x-raw, width=(int)1024, height=(int)1080, format=(string)I420, framerate=(fraction)30/1
15:04:38.483375 147257 0x7fc88c0157a0 DEBUG  pmx_bucketman_debug pmxbucketman.c:290:pmx_bucket_man_add_bucket:(NULL) Inserting bucket: 1152x72,30/1fps,104509bps, with caps: video/x-raw, width=(int)1152, height=(int)72, format=(string)I420, framerate=(fraction)30/1
15:04:38.483390 147257 0x7fc88c0157a0 DEBUG  pmx_bucketman_debug pmxbucketman.c:290:pmx_bucket_man_add_bucket:(NULL) Inserting bucket: 1152x144,30/1fps,209018bps, with caps: video/x-raw, width=(int)1152, height=(int)144, format=(string)I420, framerate=(fraction)30/1
15:04:38.483409 147257 0x7fc88c0157a0 DEBUG  pmx_bucketman_debug pmxbucketman.c:290:pmx_bucket_man_add_bucket:(NULL) Inserting bucket: 1152x216,30/1fps,313528bps, with caps: video/x-raw, width=(int)1152, height=(int)216, format=(string)I420, framerate=(fraction)30/1
15:04:38.483423 147257 0x7fc88c0157a0 DEBUG  pmx_bucketman_debug pmxbucketman.c:290:pmx_bucket_man_add_bucket:(NULL) Inserting bucket: 1152x288,30/1fps,418037bps, with caps: video/x-raw, width=(int)1152, height=(int)288, format=(string)I420, framerate=(fraction)30/1
15:04:38.483438 147257 0x7fc88c0157a0 DEBUG  pmx_bucketman_debug pmxbucketman.c:290:pmx_bucket_man_add_bucket:(NULL) Inserting bucket: 1152x360,30/1fps,522547bps, with caps: video/x-raw, width=(int)1152, height=(int)360, format=(string)I420, framerate=(fraction)30/1
15:04:38.483452 147257 0x7fc88c0157a0 DEBUG  pmx_bucketman_debug pmxbucketman.c:290:pmx_bucket_man_add_bucket:(NULL) Inserting bucket: 1152x432,30/1fps,627056bps, with caps: video/x-raw, width=(int)1152, height=(int)432, format=(string)I420, framerate=(fraction)30/1
15:04:38.483466 147257 0x7fc88c0157a0 DEBUG  pmx_bucketman_debug pmxbucketman.c:290:pmx_bucket_man_add_bucket:(NULL) Inserting bucket: 1152x504,30/1fps,731566bps, with caps: video/x-raw, width=(int)1152, height=(int)504, format=(string)I420, framerate=(fraction)30/1
15:04:38.483484 147257 0x7fc88c0157a0 DEBUG  pmx_bucketman_debug pmxbucketman.c:290:pmx_bucket_man_add_bucket:(NULL) Inserting bucket: 1152x576,30/1fps,836075bps, with caps: video/x-raw, width=(int)1152, height=(int)576, format=(string)I420, framerate=(fraction)30/1
15:04:38.483499 147257 0x7fc88c0157a0 DEBUG  pmx_bucketman_debug pmxbucketman.c:290:pmx_bucket_man_add_bucket:(NULL) Inserting bucket: 1152x648,30/1fps,940584bps, with caps: video/x-raw, width=(int)1152, height=(int)648, format=(string)I420, framerate=(fraction)30/1
15:04:38.483513 147257 0x7fc88c0157a0 DEBUG  pmx_bucketman_debug pmxbucketman.c:290:pmx_bucket_man_add_bucket:(NULL) Inserting bucket: 1152x720,30/1fps,1045094bps, with caps: video/x-raw, width=(int)1152, height=(int)720, format=(string)I420, framerate=(fraction)30/1
15:04:38.483528 147257 0x7fc88c0157a0 DEBUG  pmx_bucketman_debug pmxbucketman.c:290:pmx_bucket_man_add_bucket:(NULL) Inserting bucket: 1152x792,30/1fps,1149603bps, with caps: video/x-raw, width=(int)1152, height=(int)792, format=(string)I420, framerate=(fraction)30/1
15:04:38.483542 147257 0x7fc88c0157a0 DEBUG  pmx_bucketman_debug pmxbucketman.c:290:pmx_bucket_man_add_bucket:(NULL) Inserting bucket: 1152x864,30/1fps,1254113bps, with caps: video/x-raw, width=(int)1152, height=(int)864, format=(string)I420, framerate=(fraction)30/1
15:04:38.483556 147257 0x7fc88c0157a0 DEBUG  pmx_bucketman_debug pmxbucketman.c:290:pmx_bucket_man_add_bucket:(NULL) Inserting bucket: 1152x936,30/1fps,1358622bps, with caps: video/x-raw, width=(int)1152, height=(int)936, format=(string)I420, framerate=(fraction)30/1
15:04:38.483575 147257 0x7fc88c0157a0 DEBUG  pmx_bucketman_debug pmxbucketman.c:290:pmx_bucket_man_add_bucket:(NULL) Inserting bucket: 1152x1008,30/1fps,1463132bps, with caps: video/x-raw, width=(int)1152, height=(int)1008, format=(string)I420, framerate=(fraction)30/1
15:04:38.483590 147257 0x7fc88c0157a0 DEBUG  pmx_bucketman_debug pmxbucketman.c:290:pmx_bucket_man_add_bucket:(NULL) Inserting bucket: 1152x1080,30/1fps,1567641bps, with caps: video/x-raw, width=(int)1152, height=(int)1080, format=(string)I420, framerate=(fraction)30/1
15:04:38.483604 147257 0x7fc88c0157a0 DEBUG  pmx_bucketman_debug pmxbucketman.c:290:pmx_bucket_man_add_bucket:(NULL) Inserting bucket: 1280x72,30/1fps,116121bps, with caps: video/x-raw, width=(int)1280, height=(int)72, format=(string)I420, framerate=(fraction)30/1
15:04:38.483618 147257 0x7fc88c0157a0 DEBUG  pmx_bucketman_debug pmxbucketman.c:290:pmx_bucket_man_add_bucket:(NULL) Inserting bucket: 1280x144,30/1fps,232243bps, with caps: video/x-raw, width=(int)1280, height=(int)144, format=(string)I420, framerate=(fraction)30/1
15:04:38.483632 147257 0x7fc88c0157a0 DEBUG  pmx_bucketman_debug pmxbucketman.c:290:pmx_bucket_man_add_bucket:(NULL) Inserting bucket: 1280x216,30/1fps,348364bps, with caps: video/x-raw, width=(int)1280, height=(int)216, format=(string)I420, framerate=(fraction)30/1
15:04:38.483647 147257 0x7fc88c0157a0 DEBUG  pmx_bucketman_debug pmxbucketman.c:290:pmx_bucket_man_add_bucket:(NULL) Inserting bucket: 1280x288,30/1fps,464486bps, with caps: video/x-raw, width=(int)1280, height=(int)288, format=(string)I420, framerate=(fraction)30/1
15:04:38.483665 147257 0x7fc88c0157a0 DEBUG  pmx_bucketman_debug pmxbucketman.c:290:pmx_bucket_man_add_bucket:(NULL) Inserting bucket: 1280x360,30/1fps,580608bps, with caps: video/x-raw, width=(int)1280, height=(int)360, format=(string)I420, framerate=(fraction)30/1
15:04:38.483679 147257 0x7fc88c0157a0 DEBUG  pmx_bucketman_debug pmxbucketman.c:290:pmx_bucket_man_add_bucket:(NULL) Inserting bucket: 1280x432,30/1fps,696729bps, with caps: video/x-raw, width=(int)1280, height=(int)432, format=(string)I420, framerate=(fraction)30/1
15:04:38.483694 147257 0x7fc88c0157a0 DEBUG  pmx_bucketman_debug pmxbucketman.c:290:pmx_bucket_man_add_bucket:(NULL) Inserting bucket: 1280x504,30/1fps,812851bps, with caps: video/x-raw, width=(int)1280, height=(int)504, format=(string)I420, framerate=(fraction)30/1
15:04:38.483709 147257 0x7fc88c0157a0 DEBUG  pmx_bucketman_debug pmxbucketman.c:290:pmx_bucket_man_add_bucket:(NULL) Inserting bucket: 1280x576,30/1fps,928972bps, with caps: video/x-raw, width=(int)1280, height=(int)576, format=(string)I420, framerate=(fraction)30/1
15:04:38.483723 147257 0x7fc88c0157a0 DEBUG  pmx_bucketman_debug pmxbucketman.c:290:pmx_bucket_man_add_bucket:(NULL) Inserting bucket: 1280x648,30/1fps,1045094bps, with caps: video/x-raw, width=(int)1280, height=(int)648, format=(string)I420, framerate=(fraction)30/1
15:04:38.483737 147257 0x7fc88c0157a0 DEBUG  pmx_bucketman_debug pmxbucketman.c:290:pmx_bucket_man_add_bucket:(NULL) Inserting bucket: 1280x720,30/1fps,1161216bps, with caps: video/x-raw, width=(int)1280, height=(int)720, format=(string)I420, framerate=(fraction)30/1
15:04:38.483756 147257 0x7fc88c0157a0 DEBUG  pmx_bucketman_debug pmxbucketman.c:290:pmx_bucket_man_add_bucket:(NULL) Inserting bucket: 1280x792,30/1fps,1277337bps, with caps: video/x-raw, width=(int)1280, height=(int)792, format=(string)I420, framerate=(fraction)30/1
15:04:38.483771 147257 0x7fc88c0157a0 DEBUG  pmx_bucketman_debug pmxbucketman.c:290:pmx_bucket_man_add_bucket:(NULL) Inserting bucket: 1280x864,30/1fps,1393459bps, with caps: video/x-raw, width=(int)1280, height=(int)864, format=(string)I420, framerate=(fraction)30/1
15:04:38.483785 147257 0x7fc88c0157a0 DEBUG  pmx_bucketman_debug pmxbucketman.c:290:pmx_bucket_man_add_bucket:(NULL) Inserting bucket: 1280x936,30/1fps,1509580bps, with caps: video/x-raw, width=(int)1280, height=(int)936, format=(string)I420, framerate=(fraction)30/1
15:04:38.483800 147257 0x7fc88c0157a0 DEBUG  pmx_bucketman_debug pmxbucketman.c:290:pmx_bucket_man_add_bucket:(NULL) Inserting bucket: 1280x1008,30/1fps,1625702bps, with caps: video/x-raw, width=(int)1280, height=(int)1008, format=(string)I420, framerate=(fraction)30/1
15:04:38.483814 147257 0x7fc88c0157a0 DEBUG  pmx_bucketman_debug pmxbucketman.c:290:pmx_bucket_man_add_bucket:(NULL) Inserting bucket: 1280x1080,30/1fps,1741824bps, with caps: video/x-raw, width=(int)1280, height=(int)1080, format=(string)I420, framerate=(fraction)30/1
15:04:38.483828 147257 0x7fc88c0157a0 DEBUG  pmx_bucketman_debug pmxbucketman.c:290:pmx_bucket_man_add_bucket:(NULL) Inserting bucket: 1408x72,30/1fps,127733bps, with caps: video/x-raw, width=(int)1408, height=(int)72, format=(string)I420, framerate=(fraction)30/1
15:04:38.483843 147257 0x7fc88c0157a0 DEBUG  pmx_bucketman_debug pmxbucketman.c:290:pmx_bucket_man_add_bucket:(NULL) Inserting bucket: 1408x144,30/1fps,255467bps, with caps: video/x-raw, width=(int)1408, height=(int)144, format=(string)I420, framerate=(fraction)30/1
15:04:38.483861 147257 0x7fc88c0157a0 DEBUG  pmx_bucketman_debug pmxbucketman.c:290:pmx_bucket_man_add_bucket:(NULL) Inserting bucket: 1408x216,30/1fps,383201bps, with caps: video/x-raw, width=(int)1408, height=(int)216, format=(string)I420, framerate=(fraction)30/1
15:04:38.483876 147257 0x7fc88c0157a0 DEBUG  pmx_bucketman_debug pmxbucketman.c:290:pmx_bucket_man_add_bucket:(NULL) Inserting bucket: 1408x288,30/1fps,510935bps, with caps: video/x-raw, width=(int)1408, height=(int)288, format=(string)I420, framerate=(fraction)30/1
15:04:38.483890 147257 0x7fc88c0157a0 DEBUG  pmx_bucketman_debug pmxbucketman.c:290:pmx_bucket_man_add_bucket:(NULL) Inserting bucket: 1408x360,30/1fps,638668bps, with caps: video/x-raw, width=(int)1408, height=(int)360, format=(string)I420, framerate=(fraction)30/1
15:04:38.483904 147257 0x7fc88c0157a0 DEBUG  pmx_bucketman_debug pmxbucketman.c:290:pmx_bucket_man_add_bucket:(NULL) Inserting bucket: 1408x432,30/1fps,766402bps, with caps: video/x-raw, width=(int)1408, height=(int)432, format=(string)I420, framerate=(fraction)30/1
15:04:38.483919 147257 0x7fc88c0157a0 DEBUG  pmx_bucketman_debug pmxbucketman.c:290:pmx_bucket_man_add_bucket:(NULL) Inserting bucket: 1408x504,30/1fps,894136bps, with caps: video/x-raw, width=(int)1408, height=(int)504, format=(string)I420, framerate=(fraction)30/1
15:04:38.483933 147257 0x7fc88c0157a0 DEBUG  pmx_bucketman_debug pmxbucketman.c:290:pmx_bucket_man_add_bucket:(NULL) Inserting bucket: 1408x576,30/1fps,1021870bps, with caps: video/x-raw, width=(int)1408, height=(int)576, format=(string)I420, framerate=(fraction)30/1
15:04:38.483951 147257 0x7fc88c0157a0 DEBUG  pmx_bucketman_debug pmxbucketman.c:290:pmx_bucket_man_add_bucket:(NULL) Inserting bucket: 1408x648,30/1fps,1149603bps, with caps: video/x-raw, width=(int)1408, height=(int)648, format=(string)I420, framerate=(fraction)30/1
15:04:38.483966 147257 0x7fc88c0157a0 DEBUG  pmx_bucketman_debug pmxbucketman.c:290:pmx_bucket_man_add_bucket:(NULL) Inserting bucket: 1408x720,30/1fps,1277337bps, with caps: video/x-raw, width=(int)1408, height=(int)720, format=(string)I420, framerate=(fraction)30/1
15:04:38.483981 147257 0x7fc88c0157a0 DEBUG  pmx_bucketman_debug pmxbucketman.c:290:pmx_bucket_man_add_bucket:(NULL) Inserting bucket: 1408x792,30/1fps,1405071bps, with caps: video/x-raw, width=(int)1408, height=(int)792, format=(string)I420, framerate=(fraction)30/1
15:04:38.483995 147257 0x7fc88c0157a0 DEBUG  pmx_bucketman_debug pmxbucketman.c:290:pmx_bucket_man_add_bucket:(NULL) Inserting bucket: 1408x864,30/1fps,1532805bps, with caps: video/x-raw, width=(int)1408, height=(int)864, format=(string)I420, framerate=(fraction)30/1
15:04:38.484010 147257 0x7fc88c0157a0 DEBUG  pmx_bucketman_debug pmxbucketman.c:290:pmx_bucket_man_add_bucket:(NULL) Inserting bucket: 1408x936,30/1fps,1660538bps, with caps: video/x-raw, width=(int)1408, height=(int)936, format=(string)I420, framerate=(fraction)30/1
15:04:38.484024 147257 0x7fc88c0157a0 DEBUG  pmx_bucketman_debug pmxbucketman.c:290:pmx_bucket_man_add_bucket:(NULL) Inserting bucket: 1408x1008,30/1fps,1788272bps, with caps: video/x-raw, width=(int)1408, height=(int)1008, format=(string)I420, framerate=(fraction)30/1
15:04:38.484042 147257 0x7fc88c0157a0 DEBUG  pmx_bucketman_debug pmxbucketman.c:290:pmx_bucket_man_add_bucket:(NULL) Inserting bucket: 1408x1080,30/1fps,1916006bps, with caps: video/x-raw, width=(int)1408, height=(int)1080, format=(string)I420, framerate=(fraction)30/1
15:04:38.484057 147257 0x7fc88c0157a0 DEBUG  pmx_bucketman_debug pmxbucketman.c:290:pmx_bucket_man_add_bucket:(NULL) Inserting bucket: 1536x72,30/1fps,139345bps, with caps: video/x-raw, width=(int)1536, height=(int)72, format=(string)I420, framerate=(fraction)30/1
15:04:38.484072 147257 0x7fc88c0157a0 DEBUG  pmx_bucketman_debug pmxbucketman.c:290:pmx_bucket_man_add_bucket:(NULL) Inserting bucket: 1536x144,30/1fps,278691bps, with caps: video/x-raw, width=(int)1536, height=(int)144, format=(string)I420, framerate=(fraction)30/1
15:04:38.484087 147257 0x7fc88c0157a0 DEBUG  pmx_bucketman_debug pmxbucketman.c:290:pmx_bucket_man_add_bucket:(NULL) Inserting bucket: 1536x216,30/1fps,418037bps, with caps: video/x-raw, width=(int)1536, height=(int)216, format=(string)I420, framerate=(fraction)30/1
15:04:38.484101 147257 0x7fc88c0157a0 DEBUG  pmx_bucketman_debug pmxbucketman.c:290:pmx_bucket_man_add_bucket:(NULL) Inserting bucket: 1536x288,30/1fps,557383bps, with caps: video/x-raw, width=(int)1536, height=(int)288, format=(string)I420, framerate=(fraction)30/1
15:04:38.484115 147257 0x7fc88c0157a0 DEBUG  pmx_bucketman_debug pmxbucketman.c:290:pmx_bucket_man_add_bucket:(NULL) Inserting bucket: 1536x360,30/1fps,696729bps, with caps: video/x-raw, width=(int)1536, height=(int)360, format=(string)I420, framerate=(fraction)30/1
15:04:38.484133 147257 0x7fc88c0157a0 DEBUG  pmx_bucketman_debug pmxbucketman.c:290:pmx_bucket_man_add_bucket:(NULL) Inserting bucket: 1536x432,30/1fps,836075bps, with caps: video/x-raw, width=(int)1536, height=(int)432, format=(string)I420, framerate=(fraction)30/1
15:04:38.484148 147257 0x7fc88c0157a0 DEBUG  pmx_bucketman_debug pmxbucketman.c:290:pmx_bucket_man_add_bucket:(NULL) Inserting bucket: 1536x504,30/1fps,975421bps, with caps: video/x-raw, width=(int)1536, height=(int)504, format=(string)I420, framerate=(fraction)30/1
15:04:38.484163 147257 0x7fc88c0157a0 DEBUG  pmx_bucketman_debug pmxbucketman.c:290:pmx_bucket_man_add_bucket:(NULL) Inserting bucket: 1536x576,30/1fps,1114767bps, with caps: video/x-raw, width=(int)1536, height=(int)576, format=(string)I420, framerate=(fraction)30/1
15:04:38.484177 147257 0x7fc88c0157a0 DEBUG  pmx_bucketman_debug pmxbucketman.c:290:pmx_bucket_man_add_bucket:(NULL) Inserting bucket: 1536x648,30/1fps,1254113bps, with caps: video/x-raw, width=(int)1536, height=(int)648, format=(string)I420, framerate=(fraction)30/1
15:04:38.484191 147257 0x7fc88c0157a0 DEBUG  pmx_bucketman_debug pmxbucketman.c:290:pmx_bucket_man_add_bucket:(NULL) Inserting bucket: 1536x720,30/1fps,1393459bps, with caps: video/x-raw, width=(int)1536, height=(int)720, format=(string)I420, framerate=(fraction)30/1
15:04:38.484206 147257 0x7fc88c0157a0 DEBUG  pmx_bucketman_debug pmxbucketman.c:290:pmx_bucket_man_add_bucket:(NULL) Inserting bucket: 1536x792,30/1fps,1532805bps, with caps: video/x-raw, width=(int)1536, height=(int)792, format=(string)I420, framerate=(fraction)30/1
15:04:38.484220 147257 0x7fc88c0157a0 DEBUG  pmx_bucketman_debug pmxbucketman.c:290:pmx_bucket_man_add_bucket:(NULL) Inserting bucket: 1536x864,30/1fps,1672151bps, with caps: video/x-raw, width=(int)1536, height=(int)864, format=(string)I420, framerate=(fraction)30/1
15:04:38.484238 147257 0x7fc88c0157a0 DEBUG  pmx_bucketman_debug pmxbucketman.c:290:pmx_bucket_man_add_bucket:(NULL) Inserting bucket: 1536x936,30/1fps,1811496bps, with caps: video/x-raw, width=(int)1536, height=(int)936, format=(string)I420, framerate=(fraction)30/1
15:04:38.484253 147257 0x7fc88c0157a0 DEBUG  pmx_bucketman_debug pmxbucketman.c:290:pmx_bucket_man_add_bucket:(NULL) Inserting bucket: 1536x1008,30/1fps,1950842bps, with caps: video/x-raw, width=(int)1536, height=(int)1008, format=(string)I420, framerate=(fraction)30/1
15:04:38.484268 147257 0x7fc88c0157a0 DEBUG  pmx_bucketman_debug pmxbucketman.c:290:pmx_bucket_man_add_bucket:(NULL) Inserting bucket: 1536x1080,30/1fps,2090188bps, with caps: video/x-raw, width=(int)1536, height=(int)1080, format=(string)I420, framerate=(fraction)30/1
15:04:38.484282 147257 0x7fc88c0157a0 DEBUG  pmx_bucketman_debug pmxbucketman.c:290:pmx_bucket_man_add_bucket:(NULL) Inserting bucket: 1664x72,30/1fps,150958bps, with caps: video/x-raw, width=(int)1664, height=(int)72, format=(string)I420, framerate=(fraction)30/1
15:04:38.484296 147257 0x7fc88c0157a0 DEBUG  pmx_bucketman_debug pmxbucketman.c:290:pmx_bucket_man_add_bucket:(NULL) Inserting bucket: 1664x144,30/1fps,301916bps, with caps: video/x-raw, width=(int)1664, height=(int)144, format=(string)I420, framerate=(fraction)30/1
15:04:38.484311 147257 0x7fc88c0157a0 DEBUG  pmx_bucketman_debug pmxbucketman.c:290:pmx_bucket_man_add_bucket:(NULL) Inserting bucket: 1664x216,30/1fps,452874bps, with caps: video/x-raw, width=(int)1664, height=(int)216, format=(string)I420, framerate=(fraction)30/1
15:04:38.484329 147257 0x7fc88c0157a0 DEBUG  pmx_bucketman_debug pmxbucketman.c:290:pmx_bucket_man_add_bucket:(NULL) Inserting bucket: 1664x288,30/1fps,603832bps, with caps: video/x-raw, width=(int)1664, height=(int)288, format=(string)I420, framerate=(fraction)30/1
15:04:38.484343 147257 0x7fc88c0157a0 DEBUG  pmx_bucketman_debug pmxbucketman.c:290:pmx_bucket_man_add_bucket:(NULL) Inserting bucket: 1664x360,30/1fps,754790bps, with caps: video/x-raw, width=(int)1664, height=(int)360, format=(string)I420, framerate=(fraction)30/1
15:04:38.484358 147257 0x7fc88c0157a0 DEBUG  pmx_bucketman_debug pmxbucketman.c:290:pmx_bucket_man_add_bucket:(NULL) Inserting bucket: 1664x432,30/1fps,905748bps, with caps: video/x-raw, width=(int)1664, height=(int)432, format=(string)I420, framerate=(fraction)30/1
15:04:38.484372 147257 0x7fc88c0157a0 DEBUG  pmx_bucketman_debug pmxbucketman.c:290:pmx_bucket_man_add_bucket:(NULL) Inserting bucket: 1664x504,30/1fps,1056706bps, with caps: video/x-raw, width=(int)1664, height=(int)504, format=(string)I420, framerate=(fraction)30/1
15:04:38.484386 147257 0x7fc88c0157a0 DEBUG  pmx_bucketman_debug pmxbucketman.c:290:pmx_bucket_man_add_bucket:(NULL) Inserting bucket: 1664x576,30/1fps,1207664bps, with caps: video/x-raw, width=(int)1664, height=(int)576, format=(string)I420, framerate=(fraction)30/1
15:04:38.484404 147257 0x7fc88c0157a0 DEBUG  pmx_bucketman_debug pmxbucketman.c:290:pmx_bucket_man_add_bucket:(NULL) Inserting bucket: 1664x648,30/1fps,1358622bps, with caps: video/x-raw, width=(int)1664, height=(int)648, format=(string)I420, framerate=(fraction)30/1
15:04:38.484423 147257 0x7fc88c0157a0 DEBUG  pmx_bucketman_debug pmxbucketman.c:290:pmx_bucket_man_add_bucket:(NULL) Inserting bucket: 1664x720,30/1fps,1509580bps, with caps: video/x-raw, width=(int)1664, height=(int)720, format=(string)I420, framerate=(fraction)30/1
15:04:38.484438 147257 0x7fc88c0157a0 DEBUG  pmx_bucketman_debug pmxbucketman.c:290:pmx_bucket_man_add_bucket:(NULL) Inserting bucket: 1664x792,30/1fps,1660538bps, with caps: video/x-raw, width=(int)1664, height=(int)792, format=(string)I420, framerate=(fraction)30/1
15:04:38.484452 147257 0x7fc88c0157a0 DEBUG  pmx_bucketman_debug pmxbucketman.c:290:pmx_bucket_man_add_bucket:(NULL) Inserting bucket: 1664x864,30/1fps,1811496bps, with caps: video/x-raw, width=(int)1664, height=(int)864, format=(string)I420, framerate=(fraction)30/1
15:04:38.484466 147257 0x7fc88c0157a0 DEBUG  pmx_bucketman_debug pmxbucketman.c:290:pmx_bucket_man_add_bucket:(NULL) Inserting bucket: 1664x936,30/1fps,1962455bps, with caps: video/x-raw, width=(int)1664, height=(int)936, format=(string)I420, framerate=(fraction)30/1
15:04:38.484479 147257 0x7fc88c0157a0 DEBUG  pmx_bucketman_debug pmxbucketman.c:290:pmx_bucket_man_add_bucket:(NULL) Inserting bucket: 1664x1008,30/1fps,2113413bps, with caps: video/x-raw, width=(int)1664, height=(int)1008, format=(string)I420, framerate=(fraction)30/1
15:04:38.484493 147257 0x7fc88c0157a0 DEBUG  pmx_bucketman_debug pmxbucketman.c:290:pmx_bucket_man_add_bucket:(NULL) Inserting bucket: 1664x1080,30/1fps,2264371bps, with caps: video/x-raw, width=(int)1664, height=(int)1080, format=(string)I420, framerate=(fraction)30/1
15:04:38.484599 147257 0x7fc88c0157a0 DEBUG  pmx_bucketman_debug pmxbucketman.c:290:pmx_bucket_man_add_bucket:(NULL) Inserting bucket: 1792x72,30/1fps,162570bps, with caps: video/x-raw, width=(int)1792, height=(int)72, format=(string)I420, framerate=(fraction)30/1
15:04:38.484623 147257 0x7fc88c0157a0 DEBUG  pmx_bucketman_debug pmxbucketman.c:290:pmx_bucket_man_add_bucket:(NULL) Inserting bucket: 1792x144,30/1fps,325140bps, with caps: video/x-raw, width=(int)1792, height=(int)144, format=(string)I420, framerate=(fraction)30/1
15:04:38.484630 147257 0x7fc88c0157a0 DEBUG  pmx_bucketman_debug pmxbucketman.c:290:pmx_bucket_man_add_bucket:(NULL) Inserting bucket: 1792x216,30/1fps,487710bps, with caps: video/x-raw, width=(int)1792, height=(int)216, format=(string)I420, framerate=(fraction)30/1
15:04:38.484636 147257 0x7fc88c0157a0 DEBUG  pmx_bucketman_debug pmxbucketman.c:290:pmx_bucket_man_add_bucket:(NULL) Inserting bucket: 1792x288,30/1fps,650280bps, with caps: video/x-raw, width=(int)1792, height=(int)288, format=(string)I420, framerate=(fraction)30/1
15:04:38.484642 147257 0x7fc88c0157a0 DEBUG  pmx_bucketman_debug pmxbucketman.c:290:pmx_bucket_man_add_bucket:(NULL) Inserting bucket: 1792x360,30/1fps,812851bps, with caps: video/x-raw, width=(int)1792, height=(int)360, format=(string)I420, framerate=(fraction)30/1
15:04:38.484648 147257 0x7fc88c0157a0 DEBUG  pmx_bucketman_debug pmxbucketman.c:290:pmx_bucket_man_add_bucket:(NULL) Inserting bucket: 1792x432,30/1fps,975421bps, with caps: video/x-raw, width=(int)1792, height=(int)432, format=(string)I420, framerate=(fraction)30/1
15:04:38.484656 147257 0x7fc88c0157a0 DEBUG  pmx_bucketman_debug pmxbucketman.c:290:pmx_bucket_man_add_bucket:(NULL) Inserting bucket: 1792x504,30/1fps,1137991bps, with caps: video/x-raw, width=(int)1792, height=(int)504, format=(string)I420, framerate=(fraction)30/1
15:04:38.484662 147257 0x7fc88c0157a0 DEBUG  pmx_bucketman_debug pmxbucketman.c:290:pmx_bucket_man_add_bucket:(NULL) Inserting bucket: 1792x576,30/1fps,1300561bps, with caps: video/x-raw, width=(int)1792, height=(int)576, format=(string)I420, framerate=(fraction)30/1
15:04:38.484669 147257 0x7fc88c0157a0 DEBUG  pmx_bucketman_debug pmxbucketman.c:290:pmx_bucket_man_add_bucket:(NULL) Inserting bucket: 1792x648,30/1fps,1463132bps, with caps: video/x-raw, width=(int)1792, height=(int)648, format=(string)I420, framerate=(fraction)30/1
15:04:38.484675 147257 0x7fc88c0157a0 DEBUG  pmx_bucketman_debug pmxbucketman.c:290:pmx_bucket_man_add_bucket:(NULL) Inserting bucket: 1792x720,30/1fps,1625702bps, with caps: video/x-raw, width=(int)1792, height=(int)720, format=(string)I420, framerate=(fraction)30/1
15:04:38.484682 147257 0x7fc88c0157a0 DEBUG  pmx_bucketman_debug pmxbucketman.c:290:pmx_bucket_man_add_bucket:(NULL) Inserting bucket: 1792x792,30/1fps,1788272bps, with caps: video/x-raw, width=(int)1792, height=(int)792, format=(string)I420, framerate=(fraction)30/1
15:04:38.484688 147257 0x7fc88c0157a0 DEBUG  pmx_bucketman_debug pmxbucketman.c:290:pmx_bucket_man_add_bucket:(NULL) Inserting bucket: 1792x864,30/1fps,1950842bps, with caps: video/x-raw, width=(int)1792, height=(int)864, format=(string)I420, framerate=(fraction)30/1
15:04:38.484694 147257 0x7fc88c0157a0 DEBUG  pmx_bucketman_debug pmxbucketman.c:290:pmx_bucket_man_add_bucket:(NULL) Inserting bucket: 1792x936,30/1fps,2113413bps, with caps: video/x-raw, width=(int)1792, height=(int)936, format=(string)I420, framerate=(fraction)30/1
15:04:38.484701 147257 0x7fc88c0157a0 DEBUG  pmx_bucketman_debug pmxbucketman.c:290:pmx_bucket_man_add_bucket:(NULL) Inserting bucket: 1792x1008,30/1fps,2275983bps, with caps: video/x-raw, width=(int)1792, height=(int)1008, format=(string)I420, framerate=(fraction)30/1
15:04:38.484707 147257 0x7fc88c0157a0 DEBUG  pmx_bucketman_debug pmxbucketman.c:290:pmx_bucket_man_add_bucket:(NULL) Inserting bucket: 1792x1080,30/1fps,2438553bps, with caps: video/x-raw, width=(int)1792, height=(int)1080, format=(string)I420, framerate=(fraction)30/1
15:04:38.484713 147257 0x7fc88c0157a0 DEBUG  pmx_bucketman_debug pmxbucketman.c:290:pmx_bucket_man_add_bucket:(NULL) Inserting bucket: 1920x72,30/1fps,174182bps, with caps: video/x-raw, width=(int)1920, height=(int)72, format=(string)I420, framerate=(fraction)30/1
15:04:38.484719 147257 0x7fc88c0157a0 DEBUG  pmx_bucketman_debug pmxbucketman.c:290:pmx_bucket_man_add_bucket:(NULL) Inserting bucket: 1920x144,30/1fps,348364bps, with caps: video/x-raw, width=(int)1920, height=(int)144, format=(string)I420, framerate=(fraction)30/1
15:04:38.484725 147257 0x7fc88c0157a0 DEBUG  pmx_bucketman_debug pmxbucketman.c:290:pmx_bucket_man_add_bucket:(NULL) Inserting bucket: 1920x216,30/1fps,522547bps, with caps: video/x-raw, width=(int)1920, height=(int)216, format=(string)I420, framerate=(fraction)30/1
15:04:38.484733 147257 0x7fc88c0157a0 DEBUG  pmx_bucketman_debug pmxbucketman.c:290:pmx_bucket_man_add_bucket:(NULL) Inserting bucket: 1920x288,30/1fps,696729bps, with caps: video/x-raw, width=(int)1920, height=(int)288, format=(string)I420, framerate=(fraction)30/1
15:04:38.484739 147257 0x7fc88c0157a0 DEBUG  pmx_bucketman_debug pmxbucketman.c:290:pmx_bucket_man_add_bucket:(NULL) Inserting bucket: 1920x360,30/1fps,870912bps, with caps: video/x-raw, width=(int)1920, height=(int)360, format=(string)I420, framerate=(fraction)30/1
15:04:38.484745 147257 0x7fc88c0157a0 DEBUG  pmx_bucketman_debug pmxbucketman.c:290:pmx_bucket_man_add_bucket:(NULL) Inserting bucket: 1920x432,30/1fps,1045094bps, with caps: video/x-raw, width=(int)1920, height=(int)432, format=(string)I420, framerate=(fraction)30/1
15:04:38.484751 147257 0x7fc88c0157a0 DEBUG  pmx_bucketman_debug pmxbucketman.c:290:pmx_bucket_man_add_bucket:(NULL) Inserting bucket: 1920x504,30/1fps,1219276bps, with caps: video/x-raw, width=(int)1920, height=(int)504, format=(string)I420, framerate=(fraction)30/1
15:04:38.484757 147257 0x7fc88c0157a0 DEBUG  pmx_bucketman_debug pmxbucketman.c:290:pmx_bucket_man_add_bucket:(NULL) Inserting bucket: 1920x576,30/1fps,1393459bps, with caps: video/x-raw, width=(int)1920, height=(int)576, format=(string)I420, framerate=(fraction)30/1
15:04:38.484762 147257 0x7fc88c0157a0 DEBUG  pmx_bucketman_debug pmxbucketman.c:290:pmx_bucket_man_add_bucket:(NULL) Inserting bucket: 1920x648,30/1fps,1567641bps, with caps: video/x-raw, width=(int)1920, height=(int)648, format=(string)I420, framerate=(fraction)30/1
15:04:38.484768 147257 0x7fc88c0157a0 DEBUG  pmx_bucketman_debug pmxbucketman.c:290:pmx_bucket_man_add_bucket:(NULL) Inserting bucket: 1920x720,30/1fps,1741824bps, with caps: video/x-raw, width=(int)1920, height=(int)720, format=(string)I420, framerate=(fraction)30/1
15:04:38.484776 147257 0x7fc88c0157a0 DEBUG  pmx_bucketman_debug pmxbucketman.c:290:pmx_bucket_man_add_bucket:(NULL) Inserting bucket: 1920x792,30/1fps,1916006bps, with caps: video/x-raw, width=(int)1920, height=(int)792, format=(string)I420, framerate=(fraction)30/1
15:04:38.484782 147257 0x7fc88c0157a0 DEBUG  pmx_bucketman_debug pmxbucketman.c:290:pmx_bucket_man_add_bucket:(NULL) Inserting bucket: 1920x864,30/1fps,2090188bps, with caps: video/x-raw, width=(int)1920, height=(int)864, format=(string)I420, framerate=(fraction)30/1
15:04:38.484788 147257 0x7fc88c0157a0 DEBUG  pmx_bucketman_debug pmxbucketman.c:290:pmx_bucket_man_add_bucket:(NULL) Inserting bucket: 1920x936,30/1fps,2264371bps, with caps: video/x-raw, width=(int)1920, height=(int)936, format=(string)I420, framerate=(fraction)30/1
15:04:38.484794 147257 0x7fc88c0157a0 DEBUG  pmx_bucketman_debug pmxbucketman.c:290:pmx_bucket_man_add_bucket:(NULL) Inserting bucket: 1920x1008,30/1fps,2438553bps, with caps: video/x-raw, width=(int)1920, height=(int)1008, format=(string)I420, framerate=(fraction)30/1
15:04:38.484802 147257 0x7fc88c0157a0 DEBUG  pmx_bucketman_debug pmxbucketman.c:290:pmx_bucket_man_add_bucket:(NULL) Inserting bucket: 1920x1080,30/1fps,2612736bps, with caps: video/x-raw, width=(int)1920, height=(int)1080, format=(string)I420, framerate=(fraction)30/1
15:04:38.484859 147257 0x7fc88c0157a0 INFO            pmx_debug pmx.c:743:pmx_root_set_video_encoder_preset:<PmxRoot@0x5b3fa3951f20> Set VideoEncPreset(default) for OutputID(14)
15:04:38.484864 147257 0x7fc88c0157a0 DEBUG                pulse pulse.c:4720:_pulse_on_rtp_output_state_changed:(NULL) Setting encoder preset: 'PMX_VIDEO_ENC_PRESET_DEFAULT' on rtp output_id:14 (
15:04:38.484873 147257 0x7fc88c0157a0 DEBUG       pmx_util_debug pmxutil.c:1915:_configure_pmx_from_parsed:(NULL) Bandwidth: max_kbps:7464 (session TIAS:0 AS:7528 medias TIAS:7464 AS:0)
15:04:38.484877 147257 0x7fc88c0157a0 DEBUG       pmx_util_debug pmxutil.c:1928:_configure_pmx_from_parsed:(NULL) Setting input/output RTP info (SSRCs and MID/RID)
15:04:38.484883 147257 0x7fc88c0157a0 INFO pmx_rtp_session_debug pmxrtpsession.c:348:pmx_rtp_session_set_input_ssrc:<PmxRtpSession@0x7fc88c019610> SessionID(31) Set Input SSRC. NewSSRC(0x89976238) InputID(13)
15:04:38.484922 147257 0x7fc88c0157a0 DEBUG       pmx_papa_debug pmxpapa.c:198:pmx_papa_add_input_id_for_ssrc:(NULL) Adding input id 13 for SSRC=0x89976238 (2308399672)
15:04:38.484946 147257 0x7fc88c0157a0 INFO pmx_rtp_session_debug pmxrtpsession.c:371:pmx_rtp_session_set_output_ssrc:<PmxRtpSession@0x7fc88c019610> SessionID(31) Set Output SSRC. NewSSRC(0xdd9155a1) OutputID(14)
15:04:38.484952 147257 0x7fc88c0157a0 DEBUG       pmx_papa_debug pmxpapa.c:290:pmx_papa_set_ssrc_and_media_type_for_output_id:(NULL) Papa(0x7fc88c019be0:31) Set SSRC=(0xdd9155a1 - 3717289377) MediaType(2) for OutputID(14)
15:04:38.484958 147257 0x7fc88c0157a0 DEBUG       pmx_util_debug pmxutil.c:1937:_configure_pmx_from_parsed:(NULL) ex_info: recv:[audio:[ssrc:0] v-main:[ssrc:2308399672 rtx:2951216365 fec:0] v-preso:[ssrc:0 rtx:0 fec:0]] send:[audio:[ssrc:0] v-main:[ssrc:3717289377 rtx:675953646 fec:0] v-preso:[ssrc:0 rtx:0 fec:0]]
15:04:38.484964 147257 0x7fc88c0157a0 DEBUG       pmx_util_debug pmxutil.c:1949:_configure_pmx_from_parsed:(NULL) Configuring RTX: recv:1 send:1
15:04:38.484969 147257 0x7fc88c0157a0 DEBUG       pmx_util_debug pmxutil.c:651:_add_recv_rtx:(NULL) Adding recv rtx for mid:1 target_pt:96 pt:120 ssrc:2308399672 rtx_ssrc:2951216365
15:04:38.484974 147257 0x7fc88c0157a0 INFO pmx_rtp_session_debug pmxrtpsession.c:759:pmx_rtp_session_add_rtx_recv:<PmxRtpSession@0x7fc88c019610> SessionID(31) Add RTX recv pt(96) RTXpt(120) SSRC(0x89976238) RTX-SSRC(0xafe7fced)
15:04:38.484996 147257 0x7fc88c0157a0 DEBUG       pmx_papa_debug pmxpapa.c:1564:pmx_papa_add_input_codec:(NULL) Papa(0x7fc88c019be0:31) Add input Codec(28:RTX), pt(120)
15:04:38.485015 147257 0x7fc88c0157a0 DEBUG       pmx_papa_debug pmxpapa.c:257:_output_config_event:(NULL) Papa(0x7fc88c019be0:31) GstEvent(PapaSessionConfig, caps-list=(GValueArray)< "application/x-rtp\,\ encoding-name\=\(string\)RTX\,\ media\=\(string\)video\,\ clock-rate\=\(int\)90000\,\ payload\=\(int\)120\;", "application/x-rtp\,\ encoding-name\=\(string\)H264\,\ media\=\(string\)video\,\ clock-rate\=\(int\)90000\,\ payload\=\(int\)96\,\ rtcp-fb-nack-pli\=\(boolean\)true\;" >;)
15:04:38.485023 147257 0x7fc88c0157a0 INFO           pexpapabin pexpapabin.c:209:pex_papa_bin_event_sink:<pexpapabin0> Received event 0x7fc88c1cca40 (PapaSessionConfig) on pad pexpapabin0:send_sink_0_31
15:04:38.485034 147257 0x7fc88c0157a0 INFO           pexpapabin pexpapabin.c:215:pex_papa_bin_event_sink:<pexpapabin0> PapaSessionConfig: PapaSessionConfig, caps-list=(GValueArray)< "application/x-rtp\,\ encoding-name\=\(string\)RTX\,\ media\=\(string\)video\,\ clock-rate\=\(int\)90000\,\ payload\=\(int\)120\;", "application/x-rtp\,\ encoding-name\=\(string\)H264\,\ media\=\(string\)video\,\ clock-rate\=\(int\)90000\,\ payload\=\(int\)96\,\ rtcp-fb-nack-pli\=\(boolean\)true\;" >;
15:04:38.485041 147257 0x7fc88c0157a0 DEBUG           pexpapabin papasession.c:2344:papa_session_update_pt_to_caps_map:<pexpapabin0> Clear caps by pt for session 31
15:04:38.485054 147257 0x7fc88c0157a0 DEBUG       pmx_papa_debug pmxpapa.c:257:_output_config_event:(NULL) Papa(0x7fc88c019be0:31) GstEvent(PapaSessionConfig, recv-rtx-ssrc-map=(structure)"recv_rtx_ssrc_map\,\ 2308399672\=\(uint\)2951216365\;", recv-rtx-pt-map=(structure)"recv_rtx_pt_map\,\ 96\=\(uint\)120\;";)
15:04:38.485059 147257 0x7fc88c0157a0 INFO           pexpapabin pexpapabin.c:209:pex_papa_bin_event_sink:<pexpapabin0> Received event 0x7fc88c1cca40 (PapaSessionConfig) on pad pexpapabin0:send_sink_0_31
15:04:38.485066 147257 0x7fc88c0157a0 INFO           pexpapabin pexpapabin.c:215:pex_papa_bin_event_sink:<pexpapabin0> PapaSessionConfig: PapaSessionConfig, recv-rtx-ssrc-map=(structure)"recv_rtx_ssrc_map\,\ 2308399672\=\(uint\)2951216365\;", recv-rtx-pt-map=(structure)"recv_rtx_pt_map\,\ 96\=\(uint\)120\;";
15:04:38.485078 147257 0x7fc88c0157a0 DEBUG       pmx_util_debug pmxutil.c:679:_add_send_rtx:(NULL) Adding send rtx for mid:1 target_pt:96 pt:120 ssrc:3717289377 rtx_ssrc:675953646
15:04:38.485084 147257 0x7fc88c0157a0 INFO pmx_rtp_session_debug pmxrtpsession.c:793:pmx_rtp_session_add_rtx_send:<PmxRtpSession@0x7fc88c019610> SessionID(31) Add RTX send pt(96) RTXpt(120) SSRC(0xdd9155a1) RTX-SSRC(0x284a3bee)
15:04:38.485090 147257 0x7fc88c0157a0 DEBUG       pmx_papa_debug pmxpapa.c:1564:pmx_papa_add_input_codec:(NULL) Papa(0x7fc88c019be0:31) Add input Codec(28:RTX), pt(120)
15:04:38.485100 147257 0x7fc88c0157a0 DEBUG       pmx_papa_debug pmxpapa.c:257:_output_config_event:(NULL) Papa(0x7fc88c019be0:31) GstEvent(PapaSessionConfig, caps-list=(GValueArray)< "application/x-rtp\,\ encoding-name\=\(string\)RTX\,\ media\=\(string\)video\,\ clock-rate\=\(int\)90000\,\ payload\=\(int\)120\;", "application/x-rtp\,\ encoding-name\=\(string\)H264\,\ media\=\(string\)video\,\ clock-rate\=\(int\)90000\,\ payload\=\(int\)96\,\ rtcp-fb-nack-pli\=\(boolean\)true\;" >;)
15:04:38.485106 147257 0x7fc88c0157a0 INFO           pexpapabin pexpapabin.c:209:pex_papa_bin_event_sink:<pexpapabin0> Received event 0x7fc88c1cb620 (PapaSessionConfig) on pad pexpapabin0:send_sink_0_31
15:04:38.485116 147257 0x7fc88c0157a0 INFO           pexpapabin pexpapabin.c:215:pex_papa_bin_event_sink:<pexpapabin0> PapaSessionConfig: PapaSessionConfig, caps-list=(GValueArray)< "application/x-rtp\,\ encoding-name\=\(string\)RTX\,\ media\=\(string\)video\,\ clock-rate\=\(int\)90000\,\ payload\=\(int\)120\;", "application/x-rtp\,\ encoding-name\=\(string\)H264\,\ media\=\(string\)video\,\ clock-rate\=\(int\)90000\,\ payload\=\(int\)96\,\ rtcp-fb-nack-pli\=\(boolean\)true\;" >;
15:04:38.485122 147257 0x7fc88c0157a0 DEBUG           pexpapabin papasession.c:2344:papa_session_update_pt_to_caps_map:<pexpapabin0> Clear caps by pt for session 31
15:04:38.485133 147257 0x7fc88c0157a0 DEBUG       pmx_papa_debug pmxpapa.c:257:_output_config_event:(NULL) Papa(0x7fc88c019be0:31) GstEvent(PapaSessionConfig, send-rtx-pt-map=(structure)"send_rtx_pt_map\,\ 96\=\(uint\)120\;", send-rtx-ssrc-map=(structure)"send_rtx_ssrc_map\,\ 3717289377\=\(uint\)675953646\;";)
15:04:38.485140 147257 0x7fc88c0157a0 INFO           pexpapabin pexpapabin.c:209:pex_papa_bin_event_sink:<pexpapabin0> Received event 0x7fc88c1cb620 (PapaSessionConfig) on pad pexpapabin0:send_sink_0_31
15:04:38.485148 147257 0x7fc88c0157a0 INFO           pexpapabin pexpapabin.c:215:pex_papa_bin_event_sink:<pexpapabin0> PapaSessionConfig: PapaSessionConfig, send-rtx-pt-map=(structure)"send_rtx_pt_map\,\ 96\=\(uint\)120\;", send-rtx-ssrc-map=(structure)"send_rtx_ssrc_map\,\ 3717289377\=\(uint\)675953646\;";
15:04:38.485207 147257 0x7fc88c0157a0 DEBUG       pmx_util_debug pmxutil.c:1956:_configure_pmx_from_parsed:(NULL) Configuring FEC: recv:0 send:0
15:04:38.485213 147257 0x7fc88c0157a0 DEBUG       pmx_util_debug pmxutil.c:1999:_configure_pmx_from_parsed:(NULL) Setting ports: recv 10.47.104.51:10002/10003 send 10.47.34.16:45362/45363
15:04:38.485219 147257 0x7fc88c0157a0 INFO pmx_rtp_session_debug pmxrtpsession.c:506:pmx_rtp_session_set_ports:(NULL) SessionID(31) Set RTP ports InputRTP(10.47.104.51:10002), InputRTCP(10.47.104.51:10003)
15:04:38.485227 147257 0x7fc88c0157a0 DEBUG       pmx_papa_debug pmxpapa.c:1359:pmx_papa_set_rtp_ports:(NULL) Papa(0x7fc88c019be0:31) Config(PapaSessionConfig, rtp-rtcp-demux=(boolean)false;), PortConfig(port-config, rtp-recv-ip=(string)10.47.104.51, rtp-recv-port=(int)10002, rtp-send-from-ip=(string)10.47.104.51, rtp-send-from-port=(int)10002, rtcp-recv-ip=(string)10.47.104.51, rtcp-recv-port=(int)10003, rtcp-send-from-ip=(string)10.47.104.51, rtcp-send-from-port=(int)10003;)
15:04:38.485239 147257 0x7fc88c0157a0 DEBUG       pmx_papa_debug pmxpapa.c:257:_output_config_event:(NULL) Papa(0x7fc88c019be0:31) GstEvent(PapaSessionConfig, rtp-rtcp-demux=(boolean)false, port-config=(structure)"port-config\,\ rtp-recv-ip\=\(string\)10.47.104.51\,\ rtp-recv-port\=\(int\)10002\,\ rtp-send-from-ip\=\(string\)10.47.104.51\,\ rtp-send-from-port\=\(int\)10002\,\ rtcp-recv-ip\=\(string\)10.47.104.51\,\ rtcp-recv-port\=\(int\)10003\,\ rtcp-send-from-ip\=\(string\)10.47.104.51\,\ rtcp-send-from-port\=\(int\)10003\;";)
15:04:38.485248 147257 0x7fc88c0157a0 INFO           pexpapabin pexpapabin.c:209:pex_papa_bin_event_sink:<pexpapabin0> Received event 0x7fc88c1cb620 (PapaSessionConfig) on pad pexpapabin0:send_sink_0_31
15:04:38.485259 147257 0x7fc88c0157a0 INFO           pexpapabin pexpapabin.c:215:pex_papa_bin_event_sink:<pexpapabin0> PapaSessionConfig: PapaSessionConfig, rtp-rtcp-demux=(boolean)false, port-config=(structure)"port-config\,\ rtp-recv-ip\=\(string\)10.47.104.51\,\ rtp-recv-port\=\(int\)10002\,\ rtp-send-from-ip\=\(string\)10.47.104.51\,\ rtp-send-from-port\=\(int\)10002\,\ rtcp-recv-ip\=\(string\)10.47.104.51\,\ rtcp-recv-port\=\(int\)10003\,\ rtcp-send-from-ip\=\(string\)10.47.104.51\,\ rtcp-send-from-port\=\(int\)10003\;";
15:04:38.485268 147257 0x7fc88c0157a0 DEBUG           pexpapabin papasession.c:2632:papa_session_transport_recv_rtp_setup:<pexpapabin0:send_sink_0_31> Setting up RTP Receive
15:04:38.485272 147257 0x7fc88c0157a0 DEBUG           pexpapabin papasession.c:2606:papa_session_link_recv_rtp_to_rtpbin:<pexpapabin0:send_sink_0_31> Linking RTP to rtpbin
15:04:38.485444 147257 0x7fc88c0157a0 DEBUG           pexpapabin papasession.c:2734:papa_session_transport_recv_rtcp_setup:<pexpapabin0:send_sink_0_31> Setting up RTCP Receive
15:04:38.485452 147257 0x7fc88c0157a0 DEBUG           pexpapabin papasession.c:2707:papa_session_link_recv_rtcp_to_rtpbin:<pexpapabin0:send_sink_0_31> Linking RTCP to rtpbin
15:04:38.485511 147257 0x7fc88c0157a0 DEBUG           pexpapabin papasession.c:2840:papa_session_transport_send_rtp_setup:<pexpapabin0:send_sink_0_31> Setting up RTP Send
15:04:38.485537 147257 0x7fc88c0157a0 DEBUG           pexpapapad pexpapapad.c:218:pex_papa_pad_event_probe:<pexpapabin0:send_sink_0_31> reconfigure event: 0x7fc88c1d9400, time 99:99:99.999999999, seq-num 2309, (NULL)
15:04:38.485549 147257 0x7fc88c0157a0 DEBUG           pexpapabin papasession.c:2921:papa_session_transport_send_rtcp_setup:<pexpapabin0:send_sink_0_31> Setting up RTCP Send
15:04:38.485568 147257 0x7fc88c0157a0 INFO pmx_rtp_session_debug pmxrtpsession.c:506:pmx_rtp_session_set_ports:(NULL) SessionID(31) Set RTP ports InputRTP(10.47.104.51:10002), InputRTCP(10.47.104.51:10003)
15:04:38.485573 147257 0x7fc88c0157a0 INFO pmx_rtp_session_debug pmxrtpsession.c:519:pmx_rtp_session_set_ports:(NULL) SessionID(31) Set RTP ports OutputRTP(10.47.34.16:45362), OutputRTCP(10.47.34.16:45363)
15:04:38.485584 147257 0x7fc88c0157a0 DEBUG       pmx_papa_debug pmxpapa.c:1359:pmx_papa_set_rtp_ports:(NULL) Papa(0x7fc88c019be0:31) Config(PapaSessionConfig, rtp-rtcp-mux=(boolean)false, rtp-rtcp-demux=(boolean)false;), PortConfig(port-config, rtp-send-ip=(string)10.47.34.16, rtp-send-port=(int)45362, rtcp-send-ip=(string)10.47.34.16, rtcp-send-port=(int)45363, rtp-recv-ip=(string)10.47.104.51, rtp-recv-port=(int)10002, rtp-send-from-ip=(string)10.47.104.51, rtp-send-from-port=(int)10002, rtcp-recv-ip=(string)10.47.104.51, rtcp-recv-port=(int)10003, rtcp-send-from-ip=(string)10.47.104.51, rtcp-send-from-port=(int)10003;)
15:04:38.485599 147257 0x7fc88c0157a0 DEBUG       pmx_papa_debug pmxpapa.c:257:_output_config_event:(NULL) Papa(0x7fc88c019be0:31) GstEvent(PapaSessionConfig, rtp-rtcp-mux=(boolean)false, rtp-rtcp-demux=(boolean)false, port-config=(structure)"port-config\,\ rtp-send-ip\=\(string\)10.47.34.16\,\ rtp-send-port\=\(int\)45362\,\ rtcp-send-ip\=\(string\)10.47.34.16\,\ rtcp-send-port\=\(int\)45363\,\ rtp-recv-ip\=\(string\)10.47.104.51\,\ rtp-recv-port\=\(int\)10002\,\ rtp-send-from-ip\=\(string\)10.47.104.51\,\ rtp-send-from-port\=\(int\)10002\,\ rtcp-recv-ip\=\(string\)10.47.104.51\,\ rtcp-recv-port\=\(int\)10003\,\ rtcp-send-from-ip\=\(string\)10.47.104.51\,\ rtcp-send-from-port\=\(int\)10003\;";)
15:04:38.485607 147257 0x7fc88c0157a0 INFO           pexpapabin pexpapabin.c:209:pex_papa_bin_event_sink:<pexpapabin0> Received event 0x7fc88c1da310 (PapaSessionConfig) on pad pexpapabin0:send_sink_0_31
15:04:38.485618 147257 0x7fc88c0157a0 INFO           pexpapabin pexpapabin.c:215:pex_papa_bin_event_sink:<pexpapabin0> PapaSessionConfig: PapaSessionConfig, rtp-rtcp-mux=(boolean)false, rtp-rtcp-demux=(boolean)false, port-config=(structure)"port-config\,\ rtp-send-ip\=\(string\)10.47.34.16\,\ rtp-send-port\=\(int\)45362\,\ rtcp-send-ip\=\(string\)10.47.34.16\,\ rtcp-send-port\=\(int\)45363\,\ rtp-recv-ip\=\(string\)10.47.104.51\,\ rtp-recv-port\=\(int\)10002\,\ rtp-send-from-ip\=\(string\)10.47.104.51\,\ rtp-send-from-port\=\(int\)10002\,\ rtcp-recv-ip\=\(string\)10.47.104.51\,\ rtcp-recv-port\=\(int\)10003\,\ rtcp-send-from-ip\=\(string\)10.47.104.51\,\ rtcp-send-from-port\=\(int\)10003\;";
15:04:38.485627 147257 0x7fc88c0157a0 DEBUG           pexpapabin papasession.c:2524:papa_session_transport_send_rtp_destroy:<pexpapabin0:send_sink_0_31> Destroying RTP Transport Send
15:04:38.485633 147257 0x7fc88c0157a0 DEBUG           pexpapabin papasession.c:2840:papa_session_transport_send_rtp_setup:<pexpapabin0:send_sink_0_31> Setting up RTP Send
15:04:38.485702 147257 0x5b3fa3d56f40 DEBUG        pmx_bus_debug pmxbus.c:106:msg_handler_handle_message:(NULL) Trigger callback for SrcName(multiudpsink0) on latency change
15:04:38.485712 147257 0x7fc88c0157a0 DEBUG           pexpapapad pexpapapad.c:218:pex_papa_pad_event_probe:<pexpapabin0:send_sink_0_31> reconfigure event: 0x7fc88c1dd180, time 99:99:99.999999999, seq-num 2325, (NULL)
15:04:38.485721 147257 0x5b3fa3d56f40 DEBUG   pmx_pipeline_debug pmxpipeline.c:116:_on_latency_change:<pmxpipeline> latency changed in multiudpsink0
15:04:38.485746 147257 0x7fc88c0157a0 DEBUG           pexpapapad pexpapapad.c:218:pex_papa_pad_event_probe:<pexpapabin0:send_sink_0_31> reconfigure event: 0x7fc88c1dd180, time 99:99:99.999999999, seq-num 2327, (NULL)
15:04:38.485760 147257 0x7fc88c0157a0 DEBUG           pexpapapad pexpapapad.c:218:pex_papa_pad_event_probe:<pexpapabin0:send_sink_0_31> reconfigure event: 0x7fc88c1dd180, time 99:99:99.999999999, seq-num 2328, (NULL)
15:04:38.485770 147257 0x7fc88c0157a0 DEBUG           pexpapabin papasession.c:2549:papa_session_transport_send_rtcp_destroy:<pexpapabin0:send_sink_0_31> Destroying RTCP Transport Send
15:04:38.485780 147257 0x7fc88c0157a0 DEBUG           pexpapabin papasession.c:2921:papa_session_transport_send_rtcp_setup:<pexpapabin0:send_sink_0_31> Setting up RTCP Send
15:04:38.485856 147257 0x7fc88c0157a0 INFO     pulse_connection pulse_connection.c:337:_pulse_connection_setup_stage2_internal:(NULL) [cid:1 sid:1] setup_from_sdp_section(1) ok: rtp_session=0x7fc88c019610 recv_ctx.num_entries=1 send_ctx.num_entries=1
15:04:38.485862 147257 0x7fc88c0157a0 DEBUG     pulse_connection pulse_connection.c:348:_pulse_connection_setup_stage2_internal:(NULL) [cid:1 sid:1] stream[1] labeled as content=0 type=1 for app_transport routing
15:04:38.485869 147257 0x7fc88c0157a0 INFO       pmx_util_debug pmxutil.c:2119:_setup_from_sdp_internal:(NULL) Setup from SDP Participant=0x5b3fa3d64dd0 RTPSession=0x7fc88c094db0 DTLSConfig=(nil), RecvSDP=0x5b3fa4aea750 SendSDP=0x7fc88c014a60 RecvCtx=0x5b3fa394d2a0 SendCtx=0x5b3fa394dbb8 ExInfo=0x5b3fa394e5d8
15:04:38.485897 147257 0x7fc88c0157a0 INFO       pmx_util_debug pmxutil.c:927:pmx_util_sdp_get_meta:(NULL) SDP meta parsed: medias_len=3 bundled=0 has_candidates=0 is_trickle_ice=0 has_ice_credentials=0 bundled_candidates=0 bundled_port=0 sections=[[0]={type=audio,content=main,dir=sendrecv,active=1} [1]={type=video,content=main,dir=sendrecv,active=1} [2]={type=video,content=slides,dir=inactive,active=0}]
15:04:38.485920 147257 0x7fc88c0157a0 INFO       pmx_util_debug pmxutil.c:927:pmx_util_sdp_get_meta:(NULL) SDP meta parsed: medias_len=3 bundled=0 has_candidates=0 is_trickle_ice=0 has_ice_credentials=0 bundled_candidates=0 bundled_port=0 sections=[[0]={type=audio,content=main,dir=sendrecv,active=1} [1]={type=video,content=main,dir=sendrecv,active=1} [2]={type=video,content=slides,dir=inactive,active=0}]
15:04:38.485924 147257 0x5b3fa3d56f40 DEBUG           pexpapapad pexpapapad.c:218:pex_papa_pad_event_probe:<pexpapabin0:send_sink_0_31> latency event: 0x7fc8f000c160, time 99:99:99.999999999, seq-num 2350, GstEventLatency, latency=(guint64)0;
15:04:38.485949 147257 0x5b3fa3d56f40 DEBUG           pexpapapad pexpapapad.c:218:pex_papa_pad_event_probe:<pexpapabin0:send_sink_0_27> latency event: 0x7fc8f000c160, time 99:99:99.999999999, seq-num 2350, GstEventLatency, latency=(guint64)0;
15:04:38.485965 147257 0x5b3fa3d56f40 WARNING             pipeline gstpipeline.c:760:gst_pipeline_do_latency:<pmxpipeline> did not really configure latency of 0:00:00.000000000
15:04:38.485976 147257 0x5b3fa3d56f40 DEBUG        pmx_bus_debug pmxbus.c:106:msg_handler_handle_message:(NULL) Trigger callback for SrcName(multiudpsink1) on latency change
15:04:38.485980 147257 0x5b3fa3d56f40 DEBUG   pmx_pipeline_debug pmxpipeline.c:116:_on_latency_change:<pmxpipeline> latency changed in multiudpsink1
15:04:38.485984 147257 0x7fc88c0157a0 DEBUG       pmx_util_debug pmxutil.c:287:_parse_ext_ids:(NULL) parsed ExtID TWCC:1 MID:0 RID:0 REP_RID:0 AL:2
15:04:38.486005 147257 0x7fc88c0157a0 DEBUG       pmx_util_debug pmxutil.c:287:_parse_ext_ids:(NULL) parsed ExtID TWCC:1 MID:0 RID:0 REP_RID:0 AL:0
15:04:38.486022 147257 0x7fc88c0157a0 DEBUG       pmx_util_debug pmxutil.c:287:_parse_ext_ids:(NULL) parsed ExtID TWCC:1 MID:0 RID:0 REP_RID:0 AL:0
15:04:38.486048 147257 0x7fc88c0157a0 DEBUG       pmx_util_debug pmxutil.c:287:_parse_ext_ids:(NULL) parsed ExtID TWCC:0 MID:0 RID:0 REP_RID:0 AL:0
15:04:38.486062 147257 0x7fc88c0157a0 DEBUG       pmx_util_debug pmxutil.c:287:_parse_ext_ids:(NULL) parsed ExtID TWCC:0 MID:0 RID:0 REP_RID:0 AL:0
15:04:38.486075 147257 0x7fc88c0157a0 DEBUG       pmx_util_debug pmxutil.c:287:_parse_ext_ids:(NULL) parsed ExtID TWCC:0 MID:0 RID:0 REP_RID:0 AL:0
15:04:38.486088 147257 0x7fc88c0157a0 WARNING       pmx_util_debug pmxutil.c:1439:_validate_parsed_sdps:(NULL) Session extmap-allow-mixed mismatch: recv=yes send=no
15:04:38.486093 147257 0x7fc88c0157a0 WARNING       pmx_util_debug pmxutil.c:1445:_validate_parsed_sdps:(NULL) Session msid-semantic present in recv SDP but not in send
15:04:38.486104 147257 0x5b3fa3d56f40 DEBUG           pexpapapad pexpapapad.c:218:pex_papa_pad_event_probe:<pexpapabin0:send_sink_0_31> latency event: 0x7fc8f000c160, time 99:99:99.999999999, seq-num 2351, GstEventLatency, latency=(guint64)0;
15:04:38.486105 147257 0x7fc88c0157a0 DEBUG       pmx_util_debug pmxutil.c:1639:_configure_pmx_from_parsed:(NULL) Negotiated ext_ids: TWCC:0 MID:0 RID:0 REP_RID:0 AL:0
15:04:38.486114 147257 0x7fc88c0157a0 DEBUG       pmx_util_debug pmxutil.c:1667:_configure_pmx_from_parsed:(NULL) recv mid:2 send_ssrc:0x923159bc
15:04:38.486118 147257 0x7fc88c0157a0 DEBUG       pmx_util_debug pmxutil.c:1672:_configure_pmx_from_parsed:(NULL) recv mid:2 adding recv SRTP key
15:04:38.486124 147257 0x5b3fa3d56f40 DEBUG           pexpapapad pexpapapad.c:218:pex_papa_pad_event_probe:<pexpapabin0:send_sink_0_27> latency event: 0x7fc8f000c160, time 99:99:99.999999999, seq-num 2351, GstEventLatency, latency=(guint64)0;
15:04:38.486128 147257 0x7fc88c0157a0 DEBUG       pmx_papa_debug pmxpapa.c:257:_output_config_event:(NULL) Papa(0x7fc88c095220:32) GstEvent(PapaSessionConfig, crypto-config=(structure)"crypto-config\,\ srtp-enc-key\=\(string\)\"AES_CM_128_HMAC_SHA1_80\\\ inline:UKD/256uCfjmilC6JlbZ1xsIO9jd1ZFqLAEb1Mvs\\\|2\\\^48\"\,\ srtcp-enc-key\=\(string\)\"AES_CM_128_HMAC_SHA1_80\\\ inline:UKD/256uCfjmilC6JlbZ1xsIO9jd1ZFqLAEb1Mvs\\\|2\\\^48\"\;";)
15:04:38.486136 147257 0x7fc88c0157a0 INFO           pexpapabin pexpapabin.c:209:pex_papa_bin_event_sink:<pexpapabin0> Received event 0x7fc88c1d91b0 (PapaSessionConfig) on pad pexpapabin0:send_sink_0_32
15:04:38.486139 147257 0x5b3fa3d56f40 WARNING             pipeline gstpipeline.c:760:gst_pipeline_do_latency:<pmxpipeline> did not really configure latency of 0:00:00.000000000
15:04:38.486146 147257 0x7fc88c0157a0 INFO           pexpapabin pexpapabin.c:215:pex_papa_bin_event_sink:<pexpapabin0> PapaSessionConfig: PapaSessionConfig, crypto-config=(structure)"crypto-config\,\ srtp-enc-key\=\(string\)\"AES_CM_128_HMAC_SHA1_80\\\ inline:UKD/256uCfjmilC6JlbZ1xsIO9jd1ZFqLAEb1Mvs\\\|2\\\^48\"\,\ srtcp-enc-key\=\(string\)\"AES_CM_128_HMAC_SHA1_80\\\ inline:UKD/256uCfjmilC6JlbZ1xsIO9jd1ZFqLAEb1Mvs\\\|2\\\^48\"\;";
15:04:38.486158 147257 0x7fc88c0157a0 DEBUG       pmx_papa_debug pmxpapa.c:768:_on_enc_sdes:(NULL) Papa(0x7fc88c095220:32) Enc SDES GParamSpec(0x5b3fa3deba10), GstPad(pexpapabin0:send_sink_0_32)
15:04:38.486167 147257 0x7fc88c0157a0 DEBUG       pmx_util_debug pmxutil.c:1756:_configure_pmx_from_parsed:(NULL) Adding input codec: mid:2 pt:96 codec:H264
15:04:38.486171 147257 0x7fc88c0157a0 INFO pmx_rtp_session_debug pmxrtpsession.c:425:pmx_rtp_session_add_input_codec:(NULL) SessionID(32) Add RTP input codec pt(96), codec(H264)
15:04:38.486176 147257 0x7fc88c0157a0 DEBUG       pmx_papa_debug pmxpapa.c:1564:pmx_papa_add_input_codec:(NULL) Papa(0x7fc88c095220:32) Add input Codec(22:H264), pt(96)
15:04:38.486187 147257 0x7fc88c0157a0 DEBUG       pmx_papa_debug pmxpapa.c:257:_output_config_event:(NULL) Papa(0x7fc88c095220:32) GstEvent(PapaSessionConfig, caps-list=(GValueArray)< "application/x-rtp\,\ encoding-name\=\(string\)H264\,\ media\=\(string\)video\,\ clock-rate\=\(int\)90000\,\ payload\=\(int\)96\,\ rtcp-fb-nack-pli\=\(boolean\)true\;" >;)
15:04:38.486193 147257 0x7fc88c0157a0 INFO           pexpapabin pexpapabin.c:209:pex_papa_bin_event_sink:<pexpapabin0> Received event 0x7fc88c1a06d0 (PapaSessionConfig) on pad pexpapabin0:send_sink_0_32
15:04:38.486201 147257 0x7fc88c0157a0 INFO           pexpapabin pexpapabin.c:215:pex_papa_bin_event_sink:<pexpapabin0> PapaSessionConfig: PapaSessionConfig, caps-list=(GValueArray)< "application/x-rtp\,\ encoding-name\=\(string\)H264\,\ media\=\(string\)video\,\ clock-rate\=\(int\)90000\,\ payload\=\(int\)96\,\ rtcp-fb-nack-pli\=\(boolean\)true\;" >;
15:04:38.486206 147257 0x7fc88c0157a0 DEBUG           pexpapabin papasession.c:2344:papa_session_update_pt_to_caps_map:<pexpapabin0> Clear caps by pt for session 32
15:04:38.486214 147257 0x7fc88c0157a0 DEBUG       pmx_util_debug pmxutil.c:1734:_configure_pmx_from_parsed:(NULL) recv mid:2 queuing RTX pt:122 target_pt:96
15:04:38.486219 147257 0x7fc88c0157a0 DEBUG       pmx_util_debug pmxutil.c:1774:_configure_pmx_from_parsed:(NULL) send mid:2 recv_ssrc:0xe9da41f3
15:04:38.486223 147257 0x7fc88c0157a0 DEBUG       pmx_util_debug pmxutil.c:1779:_configure_pmx_from_parsed:(NULL) send mid:2 adding send SRTP key
15:04:38.486231 147257 0x7fc88c0157a0 DEBUG       pmx_papa_debug pmxpapa.c:257:_output_config_event:(NULL) Papa(0x7fc88c095220:32) GstEvent(PapaSessionConfig, crypto-config=(structure)"crypto-config\,\ srtp-dec-key\=\(string\)\"AES_CM_128_HMAC_SHA1_80\\\ inline:i86m/sJSmq/I2QwbFz9AaWdJHW3l9pMr4wMG7lX1\\\|2\\\^48\"\,\ srtcp-dec-key\=\(string\)\"AES_CM_128_HMAC_SHA1_80\\\ inline:i86m/sJSmq/I2QwbFz9AaWdJHW3l9pMr4wMG7lX1\\\|2\\\^48\"\;";)
15:04:38.486238 147257 0x7fc88c0157a0 INFO           pexpapabin pexpapabin.c:209:pex_papa_bin_event_sink:<pexpapabin0> Received event 0x7fc88c1a06d0 (PapaSessionConfig) on pad pexpapabin0:send_sink_0_32
15:04:38.486245 147257 0x7fc88c0157a0 INFO           pexpapabin pexpapabin.c:215:pex_papa_bin_event_sink:<pexpapabin0> PapaSessionConfig: PapaSessionConfig, crypto-config=(structure)"crypto-config\,\ srtp-dec-key\=\(string\)\"AES_CM_128_HMAC_SHA1_80\\\ inline:i86m/sJSmq/I2QwbFz9AaWdJHW3l9pMr4wMG7lX1\\\|2\\\^48\"\,\ srtcp-dec-key\=\(string\)\"AES_CM_128_HMAC_SHA1_80\\\ inline:i86m/sJSmq/I2QwbFz9AaWdJHW3l9pMr4wMG7lX1\\\|2\\\^48\"\;";
15:04:38.486257 147257 0x7fc88c0157a0 DEBUG       pmx_papa_debug pmxpapa.c:784:_on_dec_sdes:(NULL) Papa(0x7fc88c095220:32) Dec SDES GParamSpec(0x5b3fa3debac0), GstPad(pexpapabin0:send_sink_0_32)
15:04:38.486267 147257 0x7fc88c0157a0 DEBUG       pmx_util_debug pmxutil.c:1852:_configure_pmx_from_parsed:(NULL) Adding output codec mid:2 pt:96 codec:H264
15:04:38.486274 147257 0x7fc88c0157a0 INFO pmx_rtp_session_debug pmxrtpsession.c:438:pmx_rtp_session_add_output_codec:(NULL) SessionID(32) Add RTP output codec PayloadType(96), Codec(22:H264)
15:04:38.486281 147257 0x7fc88c0157a0 DEBUG  pmx_codec_obj_debug pmxcodecobj.c:79:pmx_codec_obj_new:(NULL) Created new CodecObj(0x7fc88c1e1b20) Codec(22:H264) CodecID(22) ClockRate(90000) Payload(255)
15:04:38.486289 147257 0x7fc88c0157a0 DEBUG  pmx_codec_obj_debug pmxcodecobj.c:222:pmx_codec_obj_set_payload_type:(NULL) About to set payload-type: 96 for CodecObj(0x7fc88c1e1b20) Codec(22:H264) CodecID(22) ClockRate(90000) Payload(255)
15:04:38.486296 147257 0x7fc88c0157a0 DEBUG  pmx_codec_obj_debug pmxcodecobj.c:163:pmx_codec_obj_set_id:(NULL) About to set codec-id: 33 for CodecObj(0x7fc88c1e1b20) Codec(22:H264) CodecID(22) ClockRate(90000) Payload(96)
15:04:38.486301 147257 0x7fc88c0157a0 INFO pmx_rtp_session_debug pmxrtpsession.c:449:pmx_rtp_session_add_output_codec:(NULL) SessionID(32) Generated new codec object with CodecID(33) Payload(96)
15:04:38.486308 147257 0x7fc88c0157a0 DEBUG       pmx_util_debug pmxutil.c:1831:_configure_pmx_from_parsed:(NULL) send mid:2 queuing RTX pt:122 target_pt:96
15:04:38.486313 147257 0x7fc88c0157a0 DEBUG       pmx_util_debug pmxutil.c:1915:_configure_pmx_from_parsed:(NULL) Bandwidth: max_kbps:7464 (session TIAS:0 AS:7528 medias TIAS:7464 AS:0)
15:04:38.486317 147257 0x7fc88c0157a0 DEBUG       pmx_util_debug pmxutil.c:1928:_configure_pmx_from_parsed:(NULL) Setting input/output RTP info (SSRCs and MID/RID)
15:04:38.486323 147257 0x7fc88c0157a0 DEBUG       pmx_util_debug pmxutil.c:551:_set_input_rtp_info:(NULL) skip setting SSRC=0xe9da41f3 (3923395059)  for input
15:04:38.486328 147257 0x7fc88c0157a0 DEBUG       pmx_util_debug pmxutil.c:574:_set_output_rtp_info:(NULL) skip setting SSRC=0x923159bc (2452707772)  for output
15:04:38.486334 147257 0x7fc88c0157a0 DEBUG       pmx_util_debug pmxutil.c:1937:_configure_pmx_from_parsed:(NULL) ex_info: recv:[audio:[ssrc:0] v-main:[ssrc:0 rtx:0 fec:0] v-preso:[ssrc:3923395059 rtx:1701720518 fec:0]] send:[audio:[ssrc:0] v-main:[ssrc:0 rtx:0 fec:0] v-preso:[ssrc:2452707772 rtx:1153684510 fec:0]]
15:04:38.486340 147257 0x7fc88c0157a0 DEBUG       pmx_util_debug pmxutil.c:1949:_configure_pmx_from_parsed:(NULL) Configuring RTX: recv:1 send:1
15:04:38.486345 147257 0x7fc88c0157a0 DEBUG       pmx_util_debug pmxutil.c:651:_add_recv_rtx:(NULL) Adding recv rtx for mid:2 target_pt:96 pt:122 ssrc:3923395059 rtx_ssrc:1701720518
15:04:38.486351 147257 0x7fc88c0157a0 INFO pmx_rtp_session_debug pmxrtpsession.c:759:pmx_rtp_session_add_rtx_recv:<PmxRtpSession@0x7fc88c094db0> SessionID(32) Add RTX recv pt(96) RTXpt(122) SSRC(0xe9da41f3) RTX-SSRC(0x656e31c6)
15:04:38.486379 147257 0x7fc88c0157a0 DEBUG       pmx_papa_debug pmxpapa.c:1564:pmx_papa_add_input_codec:(NULL) Papa(0x7fc88c095220:32) Add input Codec(28:RTX), pt(122)
15:04:38.486398 147257 0x7fc88c0157a0 DEBUG       pmx_papa_debug pmxpapa.c:257:_output_config_event:(NULL) Papa(0x7fc88c095220:32) GstEvent(PapaSessionConfig, caps-list=(GValueArray)< "application/x-rtp\,\ encoding-name\=\(string\)RTX\,\ media\=\(string\)video\,\ clock-rate\=\(int\)90000\,\ payload\=\(int\)122\;", "application/x-rtp\,\ encoding-name\=\(string\)H264\,\ media\=\(string\)video\,\ clock-rate\=\(int\)90000\,\ payload\=\(int\)96\,\ rtcp-fb-nack-pli\=\(boolean\)true\;" >;)
15:04:38.486407 147257 0x7fc88c0157a0 INFO           pexpapabin pexpapabin.c:209:pex_papa_bin_event_sink:<pexpapabin0> Received event 0x7fc88c1a0b70 (PapaSessionConfig) on pad pexpapabin0:send_sink_0_32
15:04:38.486416 147257 0x7fc88c0157a0 INFO           pexpapabin pexpapabin.c:215:pex_papa_bin_event_sink:<pexpapabin0> PapaSessionConfig: PapaSessionConfig, caps-list=(GValueArray)< "application/x-rtp\,\ encoding-name\=\(string\)RTX\,\ media\=\(string\)video\,\ clock-rate\=\(int\)90000\,\ payload\=\(int\)122\;", "application/x-rtp\,\ encoding-name\=\(string\)H264\,\ media\=\(string\)video\,\ clock-rate\=\(int\)90000\,\ payload\=\(int\)96\,\ rtcp-fb-nack-pli\=\(boolean\)true\;" >;
15:04:38.486423 147257 0x7fc88c0157a0 DEBUG           pexpapabin papasession.c:2344:papa_session_update_pt_to_caps_map:<pexpapabin0> Clear caps by pt for session 32
15:04:38.486434 147257 0x7fc88c0157a0 DEBUG       pmx_papa_debug pmxpapa.c:257:_output_config_event:(NULL) Papa(0x7fc88c095220:32) GstEvent(PapaSessionConfig, recv-rtx-ssrc-map=(structure)"recv_rtx_ssrc_map\,\ 3923395059\=\(uint\)1701720518\;", recv-rtx-pt-map=(structure)"recv_rtx_pt_map\,\ 96\=\(uint\)122\;";)
15:04:38.486441 147257 0x7fc88c0157a0 INFO           pexpapabin pexpapabin.c:209:pex_papa_bin_event_sink:<pexpapabin0> Received event 0x7fc88c1a0b70 (PapaSessionConfig) on pad pexpapabin0:send_sink_0_32
15:04:38.486447 147257 0x7fc88c0157a0 INFO           pexpapabin pexpapabin.c:215:pex_papa_bin_event_sink:<pexpapabin0> PapaSessionConfig: PapaSessionConfig, recv-rtx-ssrc-map=(structure)"recv_rtx_ssrc_map\,\ 3923395059\=\(uint\)1701720518\;", recv-rtx-pt-map=(structure)"recv_rtx_pt_map\,\ 96\=\(uint\)122\;";
15:04:38.486457 147257 0x7fc88c0157a0 DEBUG       pmx_util_debug pmxutil.c:679:_add_send_rtx:(NULL) Adding send rtx for mid:2 target_pt:96 pt:122 ssrc:2452707772 rtx_ssrc:1153684510
15:04:38.486462 147257 0x7fc88c0157a0 INFO pmx_rtp_session_debug pmxrtpsession.c:793:pmx_rtp_session_add_rtx_send:<PmxRtpSession@0x7fc88c094db0> SessionID(32) Add RTX send pt(96) RTXpt(122) SSRC(0x923159bc) RTX-SSRC(0x44c3d41e)
15:04:38.486468 147257 0x7fc88c0157a0 DEBUG       pmx_papa_debug pmxpapa.c:1564:pmx_papa_add_input_codec:(NULL) Papa(0x7fc88c095220:32) Add input Codec(28:RTX), pt(122)
15:04:38.486478 147257 0x7fc88c0157a0 DEBUG       pmx_papa_debug pmxpapa.c:257:_output_config_event:(NULL) Papa(0x7fc88c095220:32) GstEvent(PapaSessionConfig, caps-list=(GValueArray)< "application/x-rtp\,\ encoding-name\=\(string\)RTX\,\ media\=\(string\)video\,\ clock-rate\=\(int\)90000\,\ payload\=\(int\)122\;", "application/x-rtp\,\ encoding-name\=\(string\)H264\,\ media\=\(string\)video\,\ clock-rate\=\(int\)90000\,\ payload\=\(int\)96\,\ rtcp-fb-nack-pli\=\(boolean\)true\;" >;)
15:04:38.486486 147257 0x7fc88c0157a0 INFO           pexpapabin pexpapabin.c:209:pex_papa_bin_event_sink:<pexpapabin0> Received event 0x7fc88c1132d0 (PapaSessionConfig) on pad pexpapabin0:send_sink_0_32
15:04:38.486494 147257 0x7fc88c0157a0 INFO           pexpapabin pexpapabin.c:215:pex_papa_bin_event_sink:<pexpapabin0> PapaSessionConfig: PapaSessionConfig, caps-list=(GValueArray)< "application/x-rtp\,\ encoding-name\=\(string\)RTX\,\ media\=\(string\)video\,\ clock-rate\=\(int\)90000\,\ payload\=\(int\)122\;", "application/x-rtp\,\ encoding-name\=\(string\)H264\,\ media\=\(string\)video\,\ clock-rate\=\(int\)90000\,\ payload\=\(int\)96\,\ rtcp-fb-nack-pli\=\(boolean\)true\;" >;
15:04:38.486500 147257 0x7fc88c0157a0 DEBUG           pexpapabin papasession.c:2344:papa_session_update_pt_to_caps_map:<pexpapabin0> Clear caps by pt for session 32
15:04:38.486509 147257 0x7fc88c0157a0 DEBUG       pmx_papa_debug pmxpapa.c:257:_output_config_event:(NULL) Papa(0x7fc88c095220:32) GstEvent(PapaSessionConfig, send-rtx-pt-map=(structure)"send_rtx_pt_map\,\ 96\=\(uint\)122\;", send-rtx-ssrc-map=(structure)"send_rtx_ssrc_map\,\ 2452707772\=\(uint\)1153684510\;";)
15:04:38.486515 147257 0x7fc88c0157a0 INFO           pexpapabin pexpapabin.c:209:pex_papa_bin_event_sink:<pexpapabin0> Received event 0x7fc88c1132d0 (PapaSessionConfig) on pad pexpapabin0:send_sink_0_32
15:04:38.486522 147257 0x7fc88c0157a0 INFO           pexpapabin pexpapabin.c:215:pex_papa_bin_event_sink:<pexpapabin0> PapaSessionConfig: PapaSessionConfig, send-rtx-pt-map=(structure)"send_rtx_pt_map\,\ 96\=\(uint\)122\;", send-rtx-ssrc-map=(structure)"send_rtx_ssrc_map\,\ 2452707772\=\(uint\)1153684510\;";
15:04:38.486579 147257 0x7fc88c0157a0 DEBUG       pmx_util_debug pmxutil.c:1956:_configure_pmx_from_parsed:(NULL) Configuring FEC: recv:0 send:0
15:04:38.486585 147257 0x7fc88c0157a0 DEBUG       pmx_util_debug pmxutil.c:1999:_configure_pmx_from_parsed:(NULL) Setting ports: recv 10.47.104.51:10004/10005 send 10.47.34.16:45364/45365
15:04:38.486590 147257 0x7fc88c0157a0 INFO pmx_rtp_session_debug pmxrtpsession.c:506:pmx_rtp_session_set_ports:(NULL) SessionID(32) Set RTP ports InputRTP(10.47.104.51:10004), InputRTCP(10.47.104.51:10005)
15:04:38.486598 147257 0x7fc88c0157a0 DEBUG       pmx_papa_debug pmxpapa.c:1359:pmx_papa_set_rtp_ports:(NULL) Papa(0x7fc88c095220:32) Config(PapaSessionConfig, rtp-rtcp-demux=(boolean)false;), PortConfig(port-config, rtp-recv-ip=(string)10.47.104.51, rtp-recv-port=(int)10004, rtp-send-from-ip=(string)10.47.104.51, rtp-send-from-port=(int)10004, rtcp-recv-ip=(string)10.47.104.51, rtcp-recv-port=(int)10005, rtcp-send-from-ip=(string)10.47.104.51, rtcp-send-from-port=(int)10005;)
15:04:38.486608 147257 0x7fc88c0157a0 DEBUG       pmx_papa_debug pmxpapa.c:257:_output_config_event:(NULL) Papa(0x7fc88c095220:32) GstEvent(PapaSessionConfig, rtp-rtcp-demux=(boolean)false, port-config=(structure)"port-config\,\ rtp-recv-ip\=\(string\)10.47.104.51\,\ rtp-recv-port\=\(int\)10004\,\ rtp-send-from-ip\=\(string\)10.47.104.51\,\ rtp-send-from-port\=\(int\)10004\,\ rtcp-recv-ip\=\(string\)10.47.104.51\,\ rtcp-recv-port\=\(int\)10005\,\ rtcp-send-from-ip\=\(string\)10.47.104.51\,\ rtcp-send-from-port\=\(int\)10005\;";)
15:04:38.486616 147257 0x7fc88c0157a0 INFO           pexpapabin pexpapabin.c:209:pex_papa_bin_event_sink:<pexpapabin0> Received event 0x7fc88c1132d0 (PapaSessionConfig) on pad pexpapabin0:send_sink_0_32
15:04:38.486625 147257 0x7fc88c0157a0 INFO           pexpapabin pexpapabin.c:215:pex_papa_bin_event_sink:<pexpapabin0> PapaSessionConfig: PapaSessionConfig, rtp-rtcp-demux=(boolean)false, port-config=(structure)"port-config\,\ rtp-recv-ip\=\(string\)10.47.104.51\,\ rtp-recv-port\=\(int\)10004\,\ rtp-send-from-ip\=\(string\)10.47.104.51\,\ rtp-send-from-port\=\(int\)10004\,\ rtcp-recv-ip\=\(string\)10.47.104.51\,\ rtcp-recv-port\=\(int\)10005\,\ rtcp-send-from-ip\=\(string\)10.47.104.51\,\ rtcp-send-from-port\=\(int\)10005\;";
15:04:38.489666 147257 0x7fc88c0157a0 DEBUG           pexpapabin papasession.c:2632:papa_session_transport_recv_rtp_setup:<pexpapabin0:send_sink_0_32> Setting up RTP Receive
15:04:38.489672 147257 0x7fc88c0157a0 DEBUG           pexpapabin papasession.c:2606:papa_session_link_recv_rtp_to_rtpbin:<pexpapabin0:send_sink_0_32> Linking RTP to rtpbin
15:04:38.489749 147257 0x7fc88c0157a0 DEBUG           pexpapabin papasession.c:2734:papa_session_transport_recv_rtcp_setup:<pexpapabin0:send_sink_0_32> Setting up RTCP Receive
15:04:38.489754 147257 0x7fc88c0157a0 DEBUG           pexpapabin papasession.c:2707:papa_session_link_recv_rtcp_to_rtpbin:<pexpapabin0:send_sink_0_32> Linking RTCP to rtpbin
15:04:38.489798 147257 0x7fc88c0157a0 DEBUG           pexpapabin papasession.c:2840:papa_session_transport_send_rtp_setup:<pexpapabin0:send_sink_0_32> Setting up RTP Send
15:04:38.489820 147257 0x7fc88c0157a0 DEBUG           pexpapapad pexpapapad.c:218:pex_papa_pad_event_probe:<pexpapabin0:send_sink_0_32> reconfigure event: 0x7fc88c118a80, time 99:99:99.999999999, seq-num 2398, (NULL)
15:04:38.489830 147257 0x7fc88c0157a0 DEBUG           pexpapabin papasession.c:2921:papa_session_transport_send_rtcp_setup:<pexpapabin0:send_sink_0_32> Setting up RTCP Send
15:04:38.489846 147257 0x7fc88c0157a0 INFO pmx_rtp_session_debug pmxrtpsession.c:506:pmx_rtp_session_set_ports:(NULL) SessionID(32) Set RTP ports InputRTP(10.47.104.51:10004), InputRTCP(10.47.104.51:10005)
15:04:38.489850 147257 0x7fc88c0157a0 INFO pmx_rtp_session_debug pmxrtpsession.c:519:pmx_rtp_session_set_ports:(NULL) SessionID(32) Set RTP ports OutputRTP(10.47.34.16:45364), OutputRTCP(10.47.34.16:45365)
15:04:38.489859 147257 0x7fc88c0157a0 DEBUG       pmx_papa_debug pmxpapa.c:1359:pmx_papa_set_rtp_ports:(NULL) Papa(0x7fc88c095220:32) Config(PapaSessionConfig, rtp-rtcp-mux=(boolean)false, rtp-rtcp-demux=(boolean)false;), PortConfig(port-config, rtp-send-ip=(string)10.47.34.16, rtp-send-port=(int)45364, rtcp-send-ip=(string)10.47.34.16, rtcp-send-port=(int)45365, rtp-recv-ip=(string)10.47.104.51, rtp-recv-port=(int)10004, rtp-send-from-ip=(string)10.47.104.51, rtp-send-from-port=(int)10004, rtcp-recv-ip=(string)10.47.104.51, rtcp-recv-port=(int)10005, rtcp-send-from-ip=(string)10.47.104.51, rtcp-send-from-port=(int)10005;)
15:04:38.489869 147257 0x7fc88c0157a0 DEBUG       pmx_papa_debug pmxpapa.c:257:_output_config_event:(NULL) Papa(0x7fc88c095220:32) GstEvent(PapaSessionConfig, rtp-rtcp-mux=(boolean)false, rtp-rtcp-demux=(boolean)false, port-config=(structure)"port-config\,\ rtp-send-ip\=\(string\)10.47.34.16\,\ rtp-send-port\=\(int\)45364\,\ rtcp-send-ip\=\(string\)10.47.34.16\,\ rtcp-send-port\=\(int\)45365\,\ rtp-recv-ip\=\(string\)10.47.104.51\,\ rtp-recv-port\=\(int\)10004\,\ rtp-send-from-ip\=\(string\)10.47.104.51\,\ rtp-send-from-port\=\(int\)10004\,\ rtcp-recv-ip\=\(string\)10.47.104.51\,\ rtcp-recv-port\=\(int\)10005\,\ rtcp-send-from-ip\=\(string\)10.47.104.51\,\ rtcp-send-from-port\=\(int\)10005\;";)
15:04:38.489876 147257 0x7fc88c0157a0 INFO           pexpapabin pexpapabin.c:209:pex_papa_bin_event_sink:<pexpapabin0> Received event 0x7fc88c118d20 (PapaSessionConfig) on pad pexpapabin0:send_sink_0_32
15:04:38.489885 147257 0x7fc88c0157a0 INFO           pexpapabin pexpapabin.c:215:pex_papa_bin_event_sink:<pexpapabin0> PapaSessionConfig: PapaSessionConfig, rtp-rtcp-mux=(boolean)false, rtp-rtcp-demux=(boolean)false, port-config=(structure)"port-config\,\ rtp-send-ip\=\(string\)10.47.34.16\,\ rtp-send-port\=\(int\)45364\,\ rtcp-send-ip\=\(string\)10.47.34.16\,\ rtcp-send-port\=\(int\)45365\,\ rtp-recv-ip\=\(string\)10.47.104.51\,\ rtp-recv-port\=\(int\)10004\,\ rtp-send-from-ip\=\(string\)10.47.104.51\,\ rtp-send-from-port\=\(int\)10004\,\ rtcp-recv-ip\=\(string\)10.47.104.51\,\ rtcp-recv-port\=\(int\)10005\,\ rtcp-send-from-ip\=\(string\)10.47.104.51\,\ rtcp-send-from-port\=\(int\)10005\;";
15:04:38.489892 147257 0x7fc88c0157a0 DEBUG           pexpapabin papasession.c:2524:papa_session_transport_send_rtp_destroy:<pexpapabin0:send_sink_0_32> Destroying RTP Transport Send
15:04:38.489897 147257 0x7fc88c0157a0 DEBUG           pexpapabin papasession.c:2840:papa_session_transport_send_rtp_setup:<pexpapabin0:send_sink_0_32> Setting up RTP Send
15:04:38.489942 147257 0x5b3fa3d56f40 DEBUG        pmx_bus_debug pmxbus.c:106:msg_handler_handle_message:(NULL) Trigger callback for SrcName(multiudpsink2) on latency change
15:04:38.489949 147257 0x5b3fa3d56f40 DEBUG   pmx_pipeline_debug pmxpipeline.c:116:_on_latency_change:<pmxpipeline> latency changed in multiudpsink2
15:04:38.489952 147257 0x7fc88c0157a0 DEBUG           pexpapapad pexpapapad.c:218:pex_papa_pad_event_probe:<pexpapabin0:send_sink_0_32> reconfigure event: 0x7fc88c11ce10, time 99:99:99.999999999, seq-num 2414, (NULL)
15:04:38.489971 147257 0x7fc88c0157a0 DEBUG           pexpapapad pexpapapad.c:218:pex_papa_pad_event_probe:<pexpapabin0:send_sink_0_32> reconfigure event: 0x7fc88c11ce10, time 99:99:99.999999999, seq-num 2416, (NULL)
15:04:38.489985 147257 0x7fc88c0157a0 DEBUG           pexpapapad pexpapapad.c:218:pex_papa_pad_event_probe:<pexpapabin0:send_sink_0_32> reconfigure event: 0x7fc88c11ce10, time 99:99:99.999999999, seq-num 2417, (NULL)
15:04:38.489996 147257 0x7fc88c0157a0 DEBUG           pexpapabin papasession.c:2549:papa_session_transport_send_rtcp_destroy:<pexpapabin0:send_sink_0_32> Destroying RTCP Transport Send
15:04:38.490006 147257 0x7fc88c0157a0 DEBUG           pexpapabin papasession.c:2921:papa_session_transport_send_rtcp_setup:<pexpapabin0:send_sink_0_32> Setting up RTCP Send
15:04:38.490070 147257 0x7fc88c0157a0 INFO     pulse_connection pulse_connection.c:337:_pulse_connection_setup_stage2_internal:(NULL) [cid:1 sid:1] setup_from_sdp_section(2) ok: rtp_session=0x7fc88c094db0 recv_ctx.num_entries=1 send_ctx.num_entries=1
15:04:38.490075 147257 0x7fc88c0157a0 DEBUG     pulse_connection pulse_connection.c:348:_pulse_connection_setup_stage2_internal:(NULL) [cid:1 sid:1] stream[2] labeled as content=1 type=1 for app_transport routing
15:04:38.490080 147257 0x7fc88c0157a0 DEBUG                pulse pulse.c:579:pulse_apply_app_transport_unlocked:(NULL) [cid:1 sid:1] (re)applying app_transport binding to num_streams=3 (generation=1)
15:04:38.490086 147257 0x7fc88c0157a0 DEBUG                pulse pulse.c:603:pulse_apply_app_transport_unlocked:(NULL) [cid:1 sid:1] app_transport: binding slot=0 rtp_session=0x5b3fa3de9550 content=MAIN type=audio
15:04:38.490090 147257 0x7fc88c0157a0 INFO pmx_rtp_session_debug pmxrtpsession.c:610:pmx_rtp_session_set_app_transport:(NULL) SessionID(27) Set app transport (cb=0x7fc91f707810)
15:04:38.490096 147257 0x7fc88c0157a0 DEBUG       pmx_papa_debug pmxpapa.c:1402:pmx_papa_set_app_transport:(NULL) Papa(0x5b3fa3deb160:27) AppTransportConfig(app-transport, enabled=(boolean)true;)
15:04:38.490101 147257 0x7fc88c0157a0 DEBUG       pmx_papa_debug pmxpapa.c:257:_output_config_event:(NULL) Papa(0x5b3fa3deb160:27) GstEvent(PapaSessionConfig, app-transport=(structure)"app-transport\,\ enabled\=\(boolean\)true\;";)
15:04:38.490106 147257 0x7fc88c0157a0 INFO           pexpapabin pexpapabin.c:209:pex_papa_bin_event_sink:<pexpapabin0> Received event 0x7fc88c11d150 (PapaSessionConfig) on pad pexpapabin0:send_sink_0_27
15:04:38.490112 147257 0x7fc88c0157a0 INFO           pexpapabin pexpapabin.c:215:pex_papa_bin_event_sink:<pexpapabin0> PapaSessionConfig: PapaSessionConfig, app-transport=(structure)"app-transport\,\ enabled\=\(boolean\)true\;";
15:04:38.490121 147257 0x7fc88c0157a0 DEBUG                pulse pulse.c:603:pulse_apply_app_transport_unlocked:(NULL) [cid:1 sid:1] app_transport: binding slot=1 rtp_session=0x7fc88c019610 content=MAIN type=video
15:04:38.490126 147257 0x7fc88c0157a0 INFO pmx_rtp_session_debug pmxrtpsession.c:610:pmx_rtp_session_set_app_transport:(NULL) SessionID(31) Set app transport (cb=0x7fc91f707810)
15:04:38.490131 147257 0x7fc88c0157a0 DEBUG       pmx_papa_debug pmxpapa.c:1402:pmx_papa_set_app_transport:(NULL) Papa(0x7fc88c019be0:31) AppTransportConfig(app-transport, enabled=(boolean)true;)
15:04:38.490136 147257 0x7fc88c0157a0 DEBUG       pmx_papa_debug pmxpapa.c:257:_output_config_event:(NULL) Papa(0x7fc88c019be0:31) GstEvent(PapaSessionConfig, app-transport=(structure)"app-transport\,\ enabled\=\(boolean\)true\;";)
15:04:38.490142 147257 0x7fc88c0157a0 INFO           pexpapabin pexpapabin.c:209:pex_papa_bin_event_sink:<pexpapabin0> Received event 0x7fc88c11db50 (PapaSessionConfig) on pad pexpapabin0:send_sink_0_31
15:04:38.490147 147257 0x7fc88c0157a0 INFO           pexpapabin pexpapabin.c:215:pex_papa_bin_event_sink:<pexpapabin0> PapaSessionConfig: PapaSessionConfig, app-transport=(structure)"app-transport\,\ enabled\=\(boolean\)true\;";
15:04:38.490152 147257 0x5b3fa3d56f40 DEBUG           pexpapapad pexpapapad.c:218:pex_papa_pad_event_probe:<pexpapabin0:send_sink_0_32> latency event: 0x7fc8f000c160, time 99:99:99.999999999, seq-num 2440, GstEventLatency, latency=(guint64)0;
**
ERROR:../../../../../pexip/media/pmx/plugins/pexpapabin/papasession.c:3527:papa_session_set_app_transport: assertion failed: (session->trans_send_rtp_sink == NULL)
Bail out! ERROR:../../../../../pexip/media/pmx/plugins/pexpapabin/papasession.c:3527:papa_session_set_app_transport: assertion failed: (session->trans_send_rtp_sink == NULL)
15:04:38.490172 147257 0x5b3fa3d56f40 DEBUG           pexpapapad pexpapapad.c:218:pex_papa_pad_event_probe:<pexpapabin0:send_sink_0_31> latency event: 0x7fc8f000c160, time 99:99:99.999999999, seq-num 2440, GstEventLatency, latency=(guint64)0;
Aborted (core dumped)
